ID,Name,Height,Image,Category,Source
2,Henry VIII,187,https://upload.wikimedia.org/wikipedia/commons/thumb/8/8a/Hans_Holbein_d._J._074.jpg/250px-Hans_Holbein_d._J._074.jpg,[Historical],[Google]
4,George Washington,187,https://upload.wikimedia.org/wikipedia/commons/thumb/b/b6/Gilbert_Stuart_Williamstown_Portrait_of_George_Washington.jpg/198px-Gilbert_Stuart_Williamstown_Portrait_of_George_Washington.jpg,"[Presidents,Historical]",[Wikipedia]
5,Mahatma Gandhi,163,https://www.celebheights.com/tr/m/mahatmagandhi.jpg,[Historical],[Celeb Heights]
6,Joseph Stalin,168,https://www.celebheights.com/tr/j/josephstalin.jpg,"[Historical,Politics]",[Celeb Heights]
7,Steve Jobs,183,https://www.celebheights.com/tr/s/stevejobs.jpg,"[Tech,Wealth]",[Celeb Heights]
8,Queen Elizabeth II,162,https://www.celebheights.com/tr/q/queenelizabethii.jpg,"[Historical,Politics]",[Celeb Heights]
9,Christopher Columbus,183,https://upload.wikimedia.org/wikipedia/commons/thumb/0/06/CristobalColon.jpg/250px-CristobalColon.jpg,[Historical],[IMDb]
10,Donald Trump,188,https://www.celebheights.com/tr/d/donaldtrump.jpg,[Presidents],[Celeb Heights]
11,John F. Kennedy,182,https://upload.wikimedia.org/wikipedia/commons/thumb/c/c3/John_F._Kennedy%2C_White_House_color_photo_portrait.jpg/250px-John_F._Kennedy%2C_White_House_color_photo_portrait.jpg,[Presidents],[Celeb Heights]
13,Dwight D. Eisenhower,179,https://upload.wikimedia.org/wikipedia/commons/thumb/1/1a/Dwight_D_Eisenhower_%28cropped%29.jpg/640px-Dwight_D_Eisenhower_%28cropped%29.jpg,[Presidents],[Wikipedia]
14,Abraham Lincoln,192,https://www.celebheights.com/tr/a/abrahamlincoln.jpg,"[Presidents,Historical]",[Celeb Heights]
15,John Lennon,178,https://www.celebheights.com/tr/j/johnlennon.jpg,[Music],[Celeb Heights]
16,Eminem,172,https://www.celebheights.com/tr/e/eminem.jpg,[Music],[Celeb Heights]
17,Galileo Galilei,,,"[Historical,Scientists]",[]
18,Franklin D. Roosevelt,184,https://www.celebheights.com/tr/f/franklindroosevelt.jpg,[Presidents],[Celeb Heights]
19,Elvis Presley,182,https://www.celebheights.com/tr/e/elvispresley.jpg,[Music],[Celeb Heights]
20,Michael Jackson,175,https://www.celebheights.com/tr/m/michaeljackson.jpg,[Music],[Celeb Heights]
21,William Shakespeare,172,https://upload.wikimedia.org/wikipedia/commons/b/bb/William_shakespeare_dm.jpg?20080217075856,"[Writers,Acting,Historical]",[IMDb]
22,Al Capone,179,https://upload.wikimedia.org/wikipedia/commons/thumb/a/a4/Al_Capone_in_1929.jpg/203px-Al_Capone_in_1929.jpg,"[Historical,Wealth]",[IMDb]
23,Saddam Hussein,184,https://www.celebheights.com/tr/s/saddamhussein.jpg,"[Historical,Politics]",[Celeb Heights]
24,Richard Nixon,179,https://www.celebheights.com/tr/r/richardnixon.jpg,[Presidents],[Celeb Heights]
25,Kim Jong-un,169,https://www.celebheights.com/tr/k/kimjongun.jpg,[Politics],[Celeb Heights]
26,Dolly the Sheep,65,https://source.colostate.edu/wp-content/uploads/2017/02/DollySquarejpg-e1487354632788.jpg,[Other],[Google]
27,Babe Ruth,187,https://www.celebheights.com/tr/b/baberuth.jpg,[Sports],[Celeb Heights]
28,Michael Jordan,195,https://www.celebheights.com/tr/m/michaeljordan.jpg,[Sports],[Celeb Heights]
29,Bruce Lee,171,https://www.celebheights.com/tr/b/brucelee.jpg,[Acting],[Celeb Heights]
30,Taylor Swift,176,https://www.celebheights.com/tr/t/taylorswift.jpg,[Music],[Celeb Heights]
31,Frederick Douglass,182,https://upload.wikimedia.org/wikipedia/commons/thumb/8/85/Frederick_Douglass_c1860s.jpg/250px-Frederick_Douglass_c1860s.jpg,"[Historical,Writers]",[IMDb]
32,Amelia Earhart,173,https://upload.wikimedia.org/wikipedia/commons/7/79/Amelia_Earhart_1928_%28cropped%29.jpg,[Historical],[Google]
33,Barack Obama,185,https://www.celebheights.com/tr/b/barackobama.jpg,[Presidents],[Celeb Heights]
34,Greta Thunberg,149,https://www.celebheights.com/tr/g/gretathunberg.jpg,[Influencers],[Celeb Heights]
35,Kendrick Lamar,164,https://www.celebheights.com/tr/k/kendricklamar.jpg,[Music],[Celeb Heights]
36,Rihanna,173,https://www.celebheights.com/tr/r/rihanna.jpg,[Music],[Celeb Heights]
37,Andrew Carnegie,160,https://upload.wikimedia.org/wikipedia/commons/thumb/0/09/Andrew_Carnegie%2C_three-quarter_length_portrait%2C_seated%2C_facing_slightly_left%2C_1913-crop.jpg/250px-Andrew_Carnegie%2C_three-quarter_length_portrait%2C_seated%2C_facing_slightly_left%2C_1913-crop.jpg,"[Historical,Wealth]",[IMDb]
38,Julius Caesar,,,[Historical],[]
39,John D. Rockefeller,180,https://upload.wikimedia.org/wikipedia/commons/thumb/4/42/Portrait_of_J._D._Rockefeller_%28cropped%29.jpg/250px-Portrait_of_J._D._Rockefeller_%28cropped%29.jpg,"[Historical,Wealth]",[IMDb]
40,Albert Einstein,171,https://www.celebheights.com/tr/a/alberteinstein.jpg,"[Historical,Scientists]",[Celeb Heights]
41,Martin Luther King Jr.,169,https://upload.wikimedia.org/wikipedia/commons/thumb/0/05/Martin_Luther_King%2C_Jr..jpg/250px-Martin_Luther_King%2C_Jr..jpg,"[Influencers,Historical,Writers]",[Celeb Heights]
42,Joe Biden,184,https://www.celebheights.com/tr/j/joebiden.jpg,[Presidents],[Celeb Heights]
43,Oprah Winfrey,168,https://www.celebheights.com/tr/o/oprahwinfrey.jpg,[Influencers],[Celeb Heights]
44,Leonardo DiCaprio,181,https://www.celebheights.com/tr/l/leonardodicaprio.jpg,[Acting],[Celeb Heights]
45,Jerry Seinfeld,180,https://www.celebheights.com/tr/j/jerryseinfeld.jpg,[Acting],[Celeb Heights]
46,Steven Spielberg,171,https://www.celebheights.com/tr/s/stevenspielberg.jpg,[Filmmakers],[Celeb Heights]
47,Tom Hanks,183,https://www.celebheights.com/tr/t/tomhanks.jpg,[Acting],[Celeb Heights]
48,Tiger Woods,183,https://www.celebheights.com/tr/t/tigerwoods.jpg,[Sports],[Celeb Heights]
49,Tom Cruise,172,https://www.celebheights.com/tr/t/tomcruise.jpg,[Acting],[Celeb Heights]
50,Britney Spears,163,https://www.celebheights.com/tr/b/britneyspears.jpg,[Music],[Celeb Heights]
51,Mel Gibson,177,https://www.celebheights.com/tr/m/melgibson.jpg,[Acting],[Celeb Heights]
52,Mariah Carey,170,https://www.celebheights.com/tr/m/mariahcarey.jpg,[Music],[Celeb Heights]
53,Jennifer Aniston,164,https://www.celebheights.com/tr/j/jenniferaniston.jpg,[Acting],[Celeb Heights]
54,Jennifer Lopez,164,https://www.celebheights.com/tr/j/jenniferlopez.jpg,[Music],[Celeb Heights]
55,Ben Affleck,189,https://www.celebheights.com/tr/b/benaffleck.jpg,[Acting],[Celeb Heights]
56,J.K. Rowling,163,https://www.celebheights.com/tr/j/jkrowling.jpg,[Writers],[Celeb Heights]
57,Johnny Depp,175,https://www.celebheights.com/tr/j/johnnydepp.jpg,[Acting],[Celeb Heights]
58,Shaquille O'Neal,,,"[Sports,Influencers]",[]
59,Elton John,171,https://www.celebheights.com/tr/e/eltonjohn.jpg,[Music],[Celeb Heights]
60,Curtis Jackson 50 Cent,,,[Music],[]
61,Dan Brown,175,https://upload.wikimedia.org/wikipedia/commons/thumb/3/30/Dan_Brown_November_2015.jpg/250px-Dan_Brown_November_2015.jpg,[Writers],[IMDb]
62,Brad Pitt,180,https://www.celebheights.com/tr/b/bradpitt.jpg,[Acting],[Celeb Heights]
63,Jay-Z,187,https://www.celebheights.com/tr/j/jayz.jpg,[Music],[Celeb Heights]
64,Beyonce Knowles,,,[Music],[]
65,Kobe Bryant,195,https://www.celebheights.com/tr/k/kobebryant.jpg,[Sports],[Celeb Heights]
66,Lady Gaga,156,https://www.celebheights.com/tr/l/ladygaga.jpg,[Music],[Celeb Heights]
67,Justin Bieber,171,https://www.celebheights.com/tr/j/justinbieber.jpg,[Music],[Celeb Heights]
68,Simon Cowell,173,https://www.celebheights.com/tr/s/simoncowell.jpg,[Acting],[Celeb Heights]
69,LeBron James,202,https://www.celebheights.com/tr/l/lebronjames.jpg,[Sports],[Celeb Heights]
70,Kim Kardashian,157,https://www.celebheights.com/tr/k/kimkardashian.jpg,"[Influencers,Wealth]",[Celeb Heights]
71,Katy Perry,170,https://www.celebheights.com/tr/k/katyperry.jpg,[Music],[Celeb Heights]
72,Ellen DeGeneres,170,https://www.celebheights.com/tr/e/ellendegeneres.jpg,"[Acting,Comedy]",[Celeb Heights]
73,Dr. Dre,184,https://www.celebheights.com/tr/d/drdre.jpg,[Music],[Celeb Heights]
74,Robert Downey Jr.,172,https://www.celebheights.com/tr/r/robertdowneyjr.jpg,[Acting],[Celeb Heights]
75,Kevin Hart,159,https://www.celebheights.com/tr/k/kevinhart.jpg,"[Acting,Comedy]",[Celeb Heights]
76,Adele,173,https://www.celebheights.com/tr/a/adele.jpg,[Music],[Celeb Heights]
77,Drake,182,https://www.celebheights.com/tr/d/drake.jpg,[Music],[Celeb Heights]
78,Dwayne Johnson The Rock,,,"[Acting,Sports,Music]",[]
79,Ed Sheeran,172,https://www.celebheights.com/tr/e/edsheeran.jpg,[Music],[Celeb Heights]
80,Kylie Jenner,168,https://www.celebheights.com/tr/k/kyliejenner.jpg,[Influencers],[Celeb Heights]
81,Kanye West,173,https://www.celebheights.com/tr/k/kanyewest.jpg,[Music],[Celeb Heights]
82,Bill Cosby,183,https://www.celebheights.com/tr/b/billcosby.jpg,"[Canceled,Comedy]",[Celeb Heights]
83,Mike Tyson,178,https://upload.wikimedia.org/wikipedia/commons/thumb/e/ee/Mike_Tyson_Photo_Op_GalaxyCon_Austin_2023.jpg/250px-Mike_Tyson_Photo_Op_GalaxyCon_Austin_2023.jpg,[Sports],[Celeb Heights]
84,Arnold Schwarzenegger,187,https://www.celebheights.com/tr/a/arnoldschwarzenegger.jpg,"[Acting,Politics,Sports]",[Celeb Heights]
85,Prince,157,https://www.celebheights.com/tr/p/prince.jpg,[Music],[Celeb Heights]
86,Elon Musk,187,https://www.celebheights.com/tr/e/elonmusk.jpg,"[Wealth,Tech]",[Celeb Heights]
87,Jeff Bezos,173,https://www.celebheights.com/tr/j/jeffbezos.jpg,"[Tech,Wealth]",[Celeb Heights]
88,Tim Cook,180,https://upload.wikimedia.org/wikipedia/commons/a/ab/Steven_Mnuchin_and_Tim_Cook_at_Apple_HQ_%28cropped%29.jpg,[Tech],[IMDb]
89,Sal Khan,,,[Influencers],[]
90,Selena Gomez,164,https://www.celebheights.com/tr/s/selenagomez.jpg,"[Music,Acting]",[Celeb Heights]
91,Pewdiepie,176,https://www.celebheights.com/tr/p/pewdiepie.jpg,[Influencers],[Celeb Heights]
92,Mr. Beast,189,https://www.celebheights.com/tr/m/mrbeast.jpg,[Influencers],[Celeb Heights]
93,Markiplier,175,https://www.celebheights.com/tr/m/markiplier.jpg,[Influencers],[Celeb Heights]
94,Charli DAmelio,160,https://www.celebheights.com/tr/c/charlidamelio.jpg,[Influencers],[Celeb Heights]
95,Addison Rae,160,https://www.celebheights.com/tr/a/addisonrae.jpg,[Influencers],[Celeb Heights]
96,Bella Poarch,151,https://www.celebheights.com/tr/b/bellapoarch.jpg,[Influencers],[Celeb Heights]
97,Dixie D'Amelio,167,,[Influencers],[IMDb]
98,James Charles,174,https://www.celebheights.com/tr/j/jamescharles.jpg,[Influencers],[Celeb Heights]
100,Lele Pons,166,https://www.celebheights.com/tr/l/lelepons.jpg,[Influencers],[Celeb Heights]
101,Jake Paul,180,https://www.celebheights.com/tr/j/jakepaul.jpg,[Influencers],[Celeb Heights]
102,Logan Paul,187,https://www.celebheights.com/tr/l/loganpaul.jpg,[Influencers],[Celeb Heights]
103,Shane Dawson,178,https://www.celebheights.com/tr/s/shanedawson.jpg,[Influencers],[Celeb Heights]
104,Jacksepticeye,173,https://www.celebheights.com/tr/j/jacksepticeye.jpg,[Influencers],[Celeb Heights]
105,Will Smith,187,https://www.celebheights.com/tr/w/willsmith.jpg,[Acting],[Celeb Heights]
106,Michelle Obama,180,https://www.celebheights.com/tr/m/michelleobama.jpg,[Politics],[Celeb Heights]
107,Bill Gates,177,https://www.celebheights.com/tr/b/billgates.jpg,"[Wealth,Tech]",[Celeb Heights]
108,Hillary Rodham Clinton,,,[Politics],[]
109,Adam Sandler,177,https://www.celebheights.com/tr/a/adamsandler.jpg,"[Acting,Comedy]",[Celeb Heights]
110,Morgan Freeman,189,https://www.celebheights.com/tr/m/morganfreeman.jpg,[Acting],[Celeb Heights]
111,Jim Carrey,187,https://www.celebheights.com/tr/j/jimcarrey.jpg,"[Acting,Comedy]",[Celeb Heights]
112,Jackie Chan,174,https://www.celebheights.com/tr/j/jackiechan.jpg,"[Acting,Sports]",[Celeb Heights]
113,Justin Timberlake,182,https://www.celebheights.com/tr/j/justintimberlake.jpg,[Music],[Celeb Heights]
114,Pope Francis I,175,https://www.celebheights.com/tr/p/popefrancis.jpg,[Politics],[Celeb Heights]
115,Alec Baldwin,182,https://www.celebheights.com/tr/a/alecbaldwin.jpg,[Acting],[Celeb Heights]
116,Whoopi Goldberg,163,https://www.celebheights.com/tr/w/whoopigoldberg.jpg,"[Acting,Comedy]",[Celeb Heights]
117,Danny DeVito,147,https://www.celebheights.com/tr/d/dannydevito.jpg,"[Acting,Comedy]",[Celeb Heights]
118,Keanu Reeves,185,https://www.celebheights.com/tr/k/keanureeves.jpg,[Acting],[Celeb Heights]
119,Tim Allen,179,https://www.celebheights.com/tr/t/timallen.jpg,[Acting],[Celeb Heights]
120,Jimmy Fallon,182,https://www.celebheights.com/tr/j/jimmyfallon.jpg,"[Acting,Comedy]",[Celeb Heights]
121,Mark Zuckerberg,171,https://www.celebheights.com/tr/m/markzuckerberg.jpg,"[Tech,Wealth]",[Celeb Heights]
122,Chris Rock,178,https://www.celebheights.com/tr/c/chrisrock.jpg,"[Acting,Comedy]",[Celeb Heights]
123,Vladimir Putin,169,https://www.celebheights.com/tr/v/vladimirputin.jpg,[Politics],[Celeb Heights]
124,Jimmy Kimmel,181,https://www.celebheights.com/tr/j/jimmykimmel.jpg,"[Acting,Comedy]",[Celeb Heights]
125,Bernie Sanders,183,https://www.celebheights.com/tr/b/berniesanders.jpg,[Politics],[Celeb Heights]
126,Stevie Wonder,183,https://www.celebheights.com/tr/s/steviewonder.jpg,[Music],[Celeb Heights]
127,George W. Bush,180,https://www.celebheights.com/tr/g/georgewbush.jpg,[Presidents],[Celeb Heights]
128,Ice Cube,173,https://www.celebheights.com/tr/i/icecube.jpg,"[Acting,Music]",[Celeb Heights]
129,Shakira,156,https://www.celebheights.com/tr/s/shakira.jpg,[Music],[Celeb Heights]
130,Gordon Ramsay,185,https://www.celebheights.com/tr/g/gordonramsay.jpg,"[Acting,Influencers]",[Celeb Heights]
131,Mr. T,179,https://www.celebheights.com/tr/m/mrt.jpg,[Acting],[Celeb Heights]
132,Ben Stiller,168,https://www.celebheights.com/tr/b/benstiller.jpg,"[Acting,Comedy]",[Celeb Heights]
133,Ozzy Osbourne,177,https://www.celebheights.com/tr/o/ozzyosbourne.jpg,[Music],[Celeb Heights]
134,Bruno Mars,163,https://www.celebheights.com/tr/b/brunomars.jpg,[Music],[Celeb Heights]
135,Larry King,175,https://upload.wikimedia.org/wikipedia/commons/thumb/5/54/LarryKingSept10_%28cropped%29.jpg/250px-LarryKingSept10_%28cropped%29.jpg,[Acting],[IMDb]
136,Will Ferrell,191,https://www.celebheights.com/tr/w/willferrell.jpg,"[Acting,Comedy]",[Celeb Heights]
137,Usher Raymond,173,https://upload.wikimedia.org/wikipedia/commons/thumb/b/ba/Usher_OMG_Houston.jpg/640px-Usher_OMG_Houston.jpg,[Music],[Celeb Heights]
138,Jack Black,168,https://www.celebheights.com/tr/j/jackblack.jpg,"[Music,Influencers,Acting]",[Celeb Heights]
139,Ryan Gosling,184,https://www.celebheights.com/tr/r/ryangosling.jpg,[Acting],[Celeb Heights]
140,Hugh Grant,180,https://www.celebheights.com/tr/h/hughgrant.jpg,[Acting],[Celeb Heights]
141,Emma Stone,168,https://www.celebheights.com/tr/e/emmastone.jpg,[Acting],[Celeb Heights]
142,Ariana Grande,154,https://www.celebheights.com/tr/a/arianagrande.jpg,"[Music,Acting]",[Celeb Heights]
143,Howie Mandel,176,https://www.celebheights.com/tr/h/howiemandel.jpg,"[Acting,Comedy]",[Celeb Heights]
144,Tom Brady,194,https://www.celebheights.com/tr/t/tombrady.jpg,[Sports],[Celeb Heights]
145,Nicki Minaj,157,https://www.celebheights.com/tr/n/nickiminaj.jpg,[Music],[Celeb Heights]
146,Ryan Reynolds,188,https://www.celebheights.com/tr/r/ryanreynolds.jpg,[Acting],[Celeb Heights]
147,Conan O'Brien,193,https://www.celebheights.com/tr/c/conanobrien.jpg,"[Acting,Comedy]",[Celeb Heights]
148,Emma Watson,164,https://www.celebheights.com/tr/e/emmawatson.jpg,[Acting],[Celeb Heights]
149,Steve Carell,175,https://www.celebheights.com/tr/s/stevecarell.jpg,"[Acting,Comedy]",[Celeb Heights]
150,Warren Buffett,178,https://upload.wikimedia.org/wikipedia/commons/d/df/Warren_Buffett_in_2010_%28cropped%29.jpg?20201011135117,[Wealth],[IMDb]
151,Billie Eilish,160,https://www.celebheights.com/tr/b/billieeilish.jpg,[Music],[Celeb Heights]
152,Bill Nye the Science Guy,184,https://upload.wikimedia.org/wikipedia/commons/thumb/1/10/Bill_Nye.jpg/330px-Bill_Nye.jpg,"[Scientists,Comedy,Influencers]",[IMDb]
153,John Cena,184,https://www.celebheights.com/tr/j/johncena.jpg,"[Acting,Sports]",[Celeb Heights]
154,Chris Pratt,187,https://www.celebheights.com/tr/c/chrispratt.jpg,[Acting],[Celeb Heights]
155,Tom Holland,169,https://www.celebheights.com/tr/t/tomholland.jpg,[Acting],[Celeb Heights]
156,Zendaya,174,https://www.celebheights.com/tr/z/zendaya.jpg,[Acting],[Celeb Heights]
157,Miley Cyrus,164,https://www.celebheights.com/tr/m/mileycyrus.jpg,[Music],[Celeb Heights]
158,Jackie Robinson,180,https://upload.wikimedia.org/wikipedia/commons/d/dc/Jackie_Robinson_1956.jpg?20181208074759,[Sports],[Google]
159,Serena Williams,175,https://www.celebheights.com/tr/s/serenawilliams.jpg,[Sports],[Celeb Heights]
160,Thomas Jefferson,189,https://upload.wikimedia.org/wikipedia/commons/thumb/0/07/Official_Presidential_portrait_of_Thomas_Jefferson_%28by_Rembrandt_Peale%2C_1800%29.jpg/250px-Official_Presidential_portrait_of_Thomas_Jefferson_%28by_Rembrandt_Peale%2C_1800%29.jpg,"[Presidents,Historical]",[Wikipedia]
162,Stephen King,191,https://www.celebheights.com/tr/s/stephenking.jpg,[Writers],[Celeb Heights]
163,Isaac Newton,168,https://upload.wikimedia.org/wikipedia/commons/8/83/Sir_Isaac_Newton_%281643-1727%29.jpg,"[Historical,Scientists]",[Google]
164,Charles Darwin,180,https://upload.wikimedia.org/wikipedia/commons/thumb/3/33/Charles_Darwin_by_Julia_Margaret_Cameron%2C_c._1868.jpg/250px-Charles_Darwin_by_Julia_Margaret_Cameron%2C_c._1868.jpg,"[Historical,Scientists]",[IMDb]
165,Stephen Hawking,182,https://upload.wikimedia.org/wikipedia/commons/thumb/1/1d/Relative_time_%282886233692%29_%28Stephen_Hawking_cropped_2%29.jpg/259px-Relative_time_%282886233692%29_%28Stephen_Hawking_cropped_2%29.jpg,[Scientists],[IMDb]
166,Neil deGrasse Tyson,188,https://www.celebheights.com/tr/n/neildegrassetyson.jpg,"[Scientists,Influencers]",[Celeb Heights]
167,Leonardo da Vinci,175,https://upload.wikimedia.org/wikipedia/commons/thumb/2/28/Portrait_of_Leonardo_da_Vinci_by_Lattanzio_Querena.jpg/250px-Portrait_of_Leonardo_da_Vinci_by_Lattanzio_Querena.jpg,"[Scientists,Historical]",[IMDb]
168,Cristiano Ronaldo,185,https://www.celebheights.com/tr/c/cristianoronaldo.jpg,[Sports],[Celeb Heights]
169,Lionel Messi,169,https://www.celebheights.com/tr/l/lionelmessi.jpg,[Sports],[Celeb Heights]
170,Roger Federer,185,https://www.celebheights.com/tr/r/rogerfederer.jpg,[Sports],[Celeb Heights]
171,Kevin Durant,207,https://www.celebheights.com/tr/k/kevindurant.jpg,[Sports],[Celeb Heights]
172,Usain Bolt,195,https://www.celebheights.com/tr/u/usainbolt.jpg,[Sports],[Celeb Heights]
173,Michael Phelps,189,https://www.celebheights.com/tr/m/michaelphelps.jpg,[Sports],[Celeb Heights]
174,Madonna,163,https://www.celebheights.com/tr/m/madonna.jpg,[Music],[Celeb Heights]
176,Jennifer Lawrence,171,https://www.celebheights.com/tr/j/jenniferlawrence.jpg,[Acting],[Celeb Heights]
177,Margot Robbie,166,https://www.celebheights.com/tr/m/margotrobbie.jpg,[Acting],[Celeb Heights]
178,Harry Styles,178,https://www.celebheights.com/tr/h/harrystyles.jpg,[Music],[Celeb Heights]
179,Marco Polo,160,https://upload.wikimedia.org/wikipedia/commons/thumb/b/b0/Marco_Polo_Mosaic_from_Palazzo_Tursi.jpg/250px-Marco_Polo_Mosaic_from_Palazzo_Tursi.jpg,[Historical],[Google]
180,Aristotle,,,[Historical],[]
181,Marilyn Monroe,166,https://www.celebheights.com/tr/m/marilynmonroe.jpg,[Acting],[Celeb Heights]
182,Jimi Hendrix,178,https://www.celebheights.com/tr/j/jimihendrix.jpg,[Music],[Celeb Heights]
183,Che Guevara,182,https://upload.wikimedia.org/wikipedia/commons/thumb/8/80/Che_Guevara_-_Guerrillero_Heroico_by_Alberto_Korda.jpg/207px-Che_Guevara_-_Guerrillero_Heroico_by_Alberto_Korda.jpg,[Historical],[IMDb]
184,Hayao Miyazaki,164,https://upload.wikimedia.org/wikipedia/commons/thumb/f/ff/HayaoMiyazakiCCJuly09.jpg/640px-HayaoMiyazakiCCJuly09.jpg,"[Writers,Filmmakers]",[IMDb]
185,Genghis Khan,,,[Historical],[]
186,Nelson Mandela,184,https://www.celebheights.com/tr/n/nelsonmandela.jpg,[Historical],[Celeb Heights]
187,Fidel Castro,185,https://www.celebheights.com/tr/f/fidelcastro.jpg,[Historical],[Celeb Heights]
188,Pablo Picasso,163,https://upload.wikimedia.org/wikipedia/commons/thumb/9/98/Pablo_picasso_1.jpg/205px-Pablo_picasso_1.jpg,[Historical],[Google]
189,Dev,171,,[Other],[Us]
190,Jenna Fischer,165,https://www.celebheights.com/tr/j/jennafischer.jpg,[Acting],[Celeb Heights]
191,Jenna Ortega,151,https://www.celebheights.com/tr/j/jennaortega.jpg,[Acting],[Celeb Heights]
192,Dua Lipa,173,https://www.celebheights.com/tr/d/dualipa.jpg,[Music],[Celeb Heights]
197,Tom Scott,188,https://static.tvtropes.org/pmwiki/pub/images/tvtropestomscott.jpg,[Influencers],[Google]
198,James Hoffmann,193,https://pbs.twimg.com/profile_images/1308776540285657088/9A6DgRmg_400x400.jpg,[Influencers],[Google]
199,Adam Savage,179,https://www.celebheights.com/tr/a/adamsavage.jpg,"[Influencers,Acting]",[Celeb Heights]
200,Sylvester Stallone,,,[Acting],[]
201,IShowSpeed,,,[Influencers],[]
202,Hulk Hogan,,,"[Acting,Sports]",[]
203,Hugh Jackman,,,[Acting],[]
204,Henry Cavill,,,[Acting],[]
205,Matt Damon,,,[Acting],[]
206,Chris Hemsworth,,,[Acting],[]
208,Chris Evans,,,[Acting],[]
209,Dave Bautista,,,[Acting],[]
210,Andrew Garfield,,,[Acting],[]
211,Clint Eastwood,,,[Acting],[]
212,Mark Wahlberg,,,[Acting],[]
213,Christian Bale,,,[Acting],[]
214,Ming Yao,,,[Sports],[]
215,J.J. Abrams,,,[Filmmakers],[]
216,Robert Pattinson,,,[Acting],[]
217,Kristen Stewart,,,[Acting],[]
218,Daniel Radcliffe,,,[Acting],[]
219,Gal Gadot,,,[Acting],[]
220,Millie Bobby Brown,,,[Acting],[]
221,Adam Scott,,,[Acting],[]
222,Giancarlo Esposito,171,https://upload.wikimedia.org/wikipedia/commons/thumb/2/28/Giancarlo_Esposito_2021.jpg/640px-Giancarlo_Esposito_2021.jpg,[Acting],[Celeb Heights]
223,Timothee Chalamet,,,[Acting],[]
224,Mia Khalifa,,,[Acting],[]
225,Johnny Sins,185,https://upload.wikimedia.org/wikipedia/commons/c/cc/Guy%2C_Ava_Lauren_at_XRCO_Awards_2007_1_%28cropped%29.jpg,[Acting],[IMDb]
226,John Krasinski,,,[Acting],[]
228,Post Malone,,,[Music],[]
229,Olivia Rodrigo,,,[Music],[]
230,Sabrina Carpenter,,,[Music],[]
231,Sza,,,[Music],[]
232,The Weeknd,,,[Music],[]
233,Tyler The Creator,,,[Music],[]
234,Bad Bunny,,,[Music],[]
235,Lana Del Rey,168,https://upload.wikimedia.org/wikipedia/commons/thumb/9/96/Lana_Del_Rey_%22Burning_Desire%22_Video_2013.jpg/640px-Lana_Del_Rey_%22Burning_Desire%22_Video_2013.jpg,[Music],[Celeb Heights]
236,Alicia Keys,,,[Music],[]
237,John Legend,,,[Music],[]
238,Cardi B,,,[Music],[]
240,David Bowie,,,[Music],[]
241,Demi Lovato,,,[Music],[]
242,Nick Jonas,,,[Music],[]
243,Avril Lavigne,,,[Music],[]
244,Skrillex,,,[Music],[]
246,Michael Buble,,,[Music],[]
247,Pitbull,170,https://upload.wikimedia.org/wikipedia/commons/thumb/e/ef/Pitbull_5%2C_2012.jpg/640px-Pitbull_5%2C_2012.jpg,[Music],[Celeb Heights]
248,Donald Glover,,,[Music],[]
249,Pharrell Williams,,,[Music],[]
250,Megan Thee Stallion,,,[Music],[]
251,John Mayer,,,[Music],[]
252,Lorde,,,[Music],[]
253,Meghan Trainor,,,[Music],[]
254,KeSha,,,[Music],[]
255,Shawn Mendes,,,[Music],[]
256,Lil Nas X,,,[Music],[]
257,DJ Khaled,,,[Music],[]
258,Chance,,,[Music],[]
259,Wiz Khalifa,,,[Music],[]
260,Travis Scott,,,[Music],[]
261,Doja Cat,,,[Music],[]
262,T-Pain,173,https://upload.wikimedia.org/wikipedia/commons/thumb/7/7b/T-Pain_2011.jpg/640px-T-Pain_2011.jpg,[Music],[IMDb]
263,Ice Spice,,,[Music],[]
264,Charlie Puth,,,[Music],[]
265,21 Savage,182,https://www.celebheights.com/tr/0/21savage.jpg,[Music],[Celeb Heights]
266,Mac Miller,,,[Music],[]
267,Hans Zimmer,178,https://upload.wikimedia.org/wikipedia/commons/thumb/b/be/Hans_Zimmer_2010.jpg/250px-Hans_Zimmer_2010.jpg,[Music],[IMDb]
268,Kristen Bell,,,[Acting],[]
269,Josh Gad,,,[Acting],[]
270,Tyler Blevins (Ninja),187,https://www.celebheights.com/tr/t/tylerblevins.jpg,[Influencers],[Celeb Heights]
271,Chadwick Boseman,,,[Acting],[]
272,Steve Buscemi,,,[Acting],[]
273,George W Bush,,,[Presidents],[]
274,George H. W. Bush,,,[Presidents],[]
275,Jimmy Butler,,,[Sports],[]
276,Nicolas Cage,,,[Acting],[]
277,Debby Ryan,,,[Acting],[]
278,Bridgit Mendler,,,[Acting],[]
279,Daniel Dae Kim,,,[Acting],[]
280,Winston Churchill,,,"[Politics,Historical]",[]
281,King Charles III,,,[Historical],[]
282,Adolf Hitler,,,"[Politics,Historical]",[]
283,Bill Clinton,,,[Presidents],[]
284,Eric Andre,,,"[Acting,Comedy]",[]
285,Michael Cera,,,[Acting],[]
286,Jonah Hill,,,[Acting],[]
287,Seth Rogen,,,[Acting],[]
288,James Franco,,,[Acting],[]
289,Zac Efron,,,[Acting],[]
290,Taylor Lautner,,,[Acting],[]
291,Channing Tatum,,,[Acting],[]
292,Tobey Maguire,,,[Acting],[]
293,Kirsten Dunst,,,[Acting],[]
294,Gwyneth Paltrow,,,[Acting],[]
295,Angelina Jolie,,,[Acting],[]
296,Cate Blanchett,,,[Acting],[]
297,Liv Tyler,,,[Acting],[]
298,Sandra Bullock,,,[Acting],[]
299,Halle Berry,,,[Acting],[]
300,Cameron Diaz,,,[Acting],[]
302,Jay Leno,,,"[Acting,Comedy]",[]
303,David Letterman,,,"[Acting,Comedy]",[]
304,James Corden,,,"[Acting,Comedy]",[]
305,Stephen Colbert,,,"[Acting,Comedy]",[]
306,John Oliver,,,"[Comedy,Acting]",[]
307,Trevor Noah,,,"[Comedy,Acting]",[]
308,Russell Crowe,,,[Acting],[]
309,Gerard Butler,,,[Acting],[]
310,Bradley Cooper,,,[Acting],[]
311,Tilda Swinton,,,[Acting],[]
312,Keira Knightley,,,[Acting],[]
313,Orlando Bloom,,,[Acting],[]
314,Martin Freeman,,,[Acting],[]
315,Benedict Cumberbatch,182,https://upload.wikimedia.org/wikipedia/commons/thumb/9/98/Benedict_Cumberbatch-67228.jpg/500px-Benedict_Cumberbatch-67228.jpg,[Acting],[Celeb Heights]
316,Simon Pegg,,,"[Acting,Comedy]",[]
317,Nick Frost,,,[Acting],[]
318,Patrick Warburton,,,[Acting],[]
319,David Spade,,,[Acting],[]
320,Mike Myers,,,[Acting],[]
321,Eddie Murphy,,,[Acting],[]
322,Dr Dre,,,[Music],[]
323,Snoop Dogg,,,[Music],[]
324,Kendall Jenner,,,[Acting],[]
325,Tupac Shakur,,,[Music],[]
326,Kevin James,,,[Acting],[]
327,Neil Patrick Harris,,,[Acting],[]
328,Jim Parsons,,,[Acting],[]
329,Seth MacFarlane,,,[Acting],[]
330,Edgar Wright,,,[Acting],[]
331,Jeremy Renner,173,https://upload.wikimedia.org/wikipedia/commons/thumb/f/f0/82nd_Academy_Awards%2C_Jeremy_Renner_-_army_mil-66454-2010-03-09-180356.jpg/250px-82nd_Academy_Awards%2C_Jeremy_Renner_-_army_mil-66454-2010-03-09-180356.jpg,[Acting],[Celeb Heights]
332,Mark Ruffalo,,,[Acting],[]
333,Tom Hiddleston,,,[Acting],[]
334,Idris Elba,,,[Acting],[]
335,Daniel Craig,,,[Acting],[]
336,Sean Connery,,,[Acting],[]
337,Harrison Ford,,,[Acting],[]
338,Mark Hamill,,,[Acting],[]
339,Carrie Fisher,155,https://upload.wikimedia.org/wikipedia/commons/thumb/0/03/Carrie_Fisher_2013-a_straightened.jpg/250px-Carrie_Fisher_2013-a_straightened.jpg,[Acting],[Celeb Heights]
340,Adam Driver,,,[Acting],[]
341,John Boyega,,,[Acting],[]
342,Oscar Isaac,,,[Acting],[]
343,Pedro Pascal,,,[Acting],[]
344,Karl Urban,184,https://upload.wikimedia.org/wikipedia/commons/thumb/b/bb/Karl_Urban_%2826512263814%29.jpg/500px-Karl_Urban_%2826512263814%29.jpg,[Acting],[Celeb Heights]
345,Chris Pine,,,[Acting],[]
346,Bruce Willis,,,[Acting],[]
347,John Travolta,,,[Acting],[]
348,Samuel L Jackson,,,[Acting],[]
349,Denzel Washington,,,[Acting],[]
350,Jamie Foxx,,,[Acting],[]
351,Katie Holmes,,,[Acting],[]
352,Uma Thurman,,,[Acting],[]
353,Evangeline Lilly,,,[Acting],[]
355,Michelle Rodriguez,,,[Acting],[]
356,Michelle Yeoh,,,[Acting],[]
357,Ken Jeong,,,[Acting],[]
358,Jeff Goldblum,,,[Acting],[]
359,Jonathan Ke Quan,163,https://upload.wikimedia.org/wikipedia/commons/thumb/8/8a/Ke_Huy_Quan_%2843865682592%29.jpg/500px-Ke_Huy_Quan_%2843865682592%29.jpg,[Acting],[Celeb Heights]
360,Josh Hutcherson,,,[Acting],[]
361,Scarlett Johansson,,,[Acting],[]
362,Jake Gyllenhaal,,,[Acting],[]
363,Joseph Gordon-Levitt,,,[Acting],[]
364,Tom Hardy,,,[Acting],[]
365,Matthew McConaughey,,,[Acting],[]
366,Paul Rudd,,,[Acting],[]
367,Kristen Wiig,,,[Acting],[]
368,Bill Hader,,,[Acting],[]
370,Ray Charles,,,[Music],[]
371,Frank Sinatra,,,[Music],[]
372,Jason Momoa,193,https://upload.wikimedia.org/wikipedia/commons/thumb/d/d9/Jason_Momoa_Supercon_2014.jpg/250px-Jason_Momoa_Supercon_2014.jpg,[Acting],[Celeb Heights]
373,Hayden Christensen,,,[Acting],[]
374,Stephen Chow,,,[Acting],[]
375,Chuck Norris,,,[Acting],[]
376,Common,,,[Acting],[]
377,Jennifer Coolidge,,,[Acting],[]
378,Miranda Cosgrove,,,[Acting],[]
379,Victoria Justice,,,[Acting],[]
380,Terry Crews,,,[Acting],[]
381,Macaulay Culkin,,,[Acting],[]
382,Willem Dafoe,,,[Acting],[]
383,Edward Norton,,,[Acting],[]
384,Michael Keaton,,,[Acting],[]
385,George Clooney,,,[Acting],[]
391,Casey Neistat,,,[Influencers],[]
392,RiceGum,,,[Influencers],[]
393,Ryan Higa,,,[Influencers],[]
395,Larry the Cable Guy,,,[Acting],[]
396,Jason DeRulo,,,[Music],[]
398,Michael Douglas,,,[Acting],[]
399,Vin Diesel,,,[Acting],[]
401,Wilt Chamberlain,,,[Sports],[]
402,Iggy Azalea,,,[Music],[]
403,Sia,,,[Music],[]
405,Lizzo,,,[Music],[]
406,Charli XCX,,,[Music],[]
408,Ben Simmons,,,[Sports],[]
409,Kyrie Irving,,,[Sports],[]
410,Stephen Curry,,,[Sports],[]
411,Chris Paul,,,[Sports],[]
412,Charles Barkley,,,[Sports],[]
413,Steve Nash,,,[Sports],[]
414,Michael B Jordan,,,[Acting],[]
415,Guy Fieri,,,[Influencers],[]
417,Flo Rida,,,[Music],[]
418,Dave Franco,,,[Acting],[]
419,Amy Adams,,,[Acting],[]
420,Floyd Mayweather Jr,,,[Sports],[]
421,Manny Pacquiao,,,[Sports],[]
422,Peter Dinklage,132,https://upload.wikimedia.org/wikipedia/commons/thumb/5/5a/Peter_Dinklage_2012_cropped.jpg/163px-Peter_Dinklage_2012_cropped.jpg,[Acting],[Celeb Heights]
423,Richard Branson,,,[Wealth],[]
424,Rudy Giuliani,,,[Politics],[]
425,Sacha Baron Cohen,,,"[Acting,Comedy]",[]
426,Phil McGraw,,,[Acting],[]
427,Constance Wu,,,[Acting],[]
428,Peyton Roi List,,,[Acting],[]
429,Henry Ford,178,https://upload.wikimedia.org/wikipedia/commons/thumb/5/5e/Henry_ford_1919_%28cropped_square%29.jpg/240px-Henry_ford_1919_%28cropped_square%29.jpg,[Historical],[Google]
433,Alex E Jones,,,[Politics],[]
434,Alexandria Ocasio-Cortez,,,[Politics],[]
435,Ben Shapiro,,,[Acting],[]
436,Mike Pence,,,[Politics],[]
437,Nancy Pelosi,164,https://upload.wikimedia.org/wikipedia/commons/thumb/4/4b/Nancy_Pelosi_2012.jpg/250px-Nancy_Pelosi_2012.jpg,[Politics],[IMDb]
438,Al Gore,,,[Politics],[]
439,Jimmy Carter,,,[Politics],[]
440,Mitch McConnell,175,https://upload.wikimedia.org/wikipedia/commons/thumb/f/f7/06virus-briefing-McConnellCorporations-mediumSquareAt3X.jpg/240px-06virus-briefing-McConnellCorporations-mediumSquareAt3X.jpg,[Politics],[IMDb]
442,Sam Altman,187.9,https://upload.wikimedia.org/wikipedia/commons/thumb/8/8d/Sam_Altman_CropEdit_James_Tamim.jpg/250px-Sam_Altman_CropEdit_James_Tamim.jpg,[Tech],[Google]
443,Jane Goodall,165,https://upload.wikimedia.org/wikipedia/commons/thumb/9/99/Jane_Goodall_2010.jpg/330px-Jane_Goodall_2010.jpg,[Scientists],[IMDb]
444,Kamala Harris,,,[Politics],[]
446,Ruth Bader Ginsburg,154,https://upload.wikimedia.org/wikipedia/commons/5/55/Ruth_Bader_Ginsburg_in_2017.jpg?20180717003848,[Politics],[IMDb]
447,The 14th Dalai Lama,170,https://upload.wikimedia.org/wikipedia/commons/thumb/5/55/Dalailama1_20121014_4639.jpg/250px-Dalailama1_20121014_4639.jpg,[Politics],[IMDb]
448,Prince Harry,,,[Politics],[]
449,Volodymyr Zelenskyy,,,[Politics],[]
450,Ivanka Trump,,,[Politics],[]
451,Mark Cuban,,,"[Wealth,Acting]",[]
453,Anthony Fauci,170,https://upload.wikimedia.org/wikipedia/commons/thumb/9/99/Anthony_Fauci_in_2023_02_%28cropped%29.jpg/197px-Anthony_Fauci_in_2023_02_%28cropped%29.jpg,[Politics],[IMDb]
454,JD Vance,,,[Politics],[]
455,Scott Kelly,180,https://upload.wikimedia.org/wikipedia/commons/thumb/6/61/Scott_Kelly%2C_Johnson_Space_Center_portrait%2C_2019_%28cropped%29_2.tif/lossy-page1-157px-Scott_Kelly%2C_Johnson_Space_Center_portrait%2C_2019_%28cropped%29_2.tif.jpg,"[Scientists,Politics]",[Google]
456,Gavin Newsom,,,[Politics],[]
457,Robin Williams,,,[Acting],[]
458,Betty White,,,[Acting],[]
459,Benjamin Franklin,175,https://upload.wikimedia.org/wikipedia/commons/thumb/8/87/Joseph_Siffrein_Duplessis_-_Benjamin_Franklin_-_Google_Art_Project.jpg/250px-Joseph_Siffrein_Duplessis_-_Benjamin_Franklin_-_Google_Art_Project.jpg,"[Historical,Politics]",[IMDb]
460,Anthony Hopkins,,,[Acting],[]
461,Dolly Parton,,,"[Acting,Music]",[]
462,James Earl Jones,,,[Acting],[]
463,Dr. Seuss,180,https://upload.wikimedia.org/wikipedia/commons/thumb/5/55/Ted_Geisel_NYWTS_2_crop.jpg/250px-Ted_Geisel_NYWTS_2_crop.jpg,[Writers],[IMDb]
464,Muhammad Ali,,,[Sports],[]
465,Whitney Houston,,,[Music],[]
466,Gene Wilder,,,[Acting],[]
467,Mark Twain,174,https://upload.wikimedia.org/wikipedia/commons/thumb/3/31/MarkTwain.LOC.jpg/194px-MarkTwain.LOC.jpg,[Writers],[IMDb]
468,Carol Burnett,,,[Acting],[]
469,Liam Neeson,,,[Acting],[]
470,Kurt Russell,,,[Acting],[]
471,Anne Hathaway,,,[Acting],[]
472,Johnny Cash,,,[Music],[]
473,Julia Roberts,,,[Acting],[]
474,Dick Van Dyke,,,[Acting],[]
475,Edgar Allan Poe,173,https://upload.wikimedia.org/wikipedia/commons/2/27/Edgar_Allan_Poe_2.jpg,"[Writers,Historical]",[IMDb]
476,Louis Armstrong,,,[Music],[]
477,Neil Armstrong,180,https://upload.wikimedia.org/wikipedia/commons/thumb/0/0d/Neil_Armstrong_pose.jpg/250px-Neil_Armstrong_pose.jpg,"[Scientists,Historical]",[IMDb]
478,Theodore Roosevelt,178,https://upload.wikimedia.org/wikipedia/commons/thumb/5/5b/Theodore_Roosevelt_by_the_Pach_Bros.jpg/250px-Theodore_Roosevelt_by_the_Pach_Bros.jpg,[Presidents],[Wikipedia]
479,Bob Marley,170,https://upload.wikimedia.org/wikipedia/commons/thumb/e/ec/Bob_Marley_emancipated_from_mental_slavery_1.jpg/330px-Bob_Marley_emancipated_from_mental_slavery_1.jpg,[Music],[Celeb Heights]
480,Kathy Bates,,,[Acting],[]
482,Jennifer Garner,,,[Acting],[]
483,Jamie Lee Curtis,,,[Acting],[]
484,Reese Witherspoon,,,[Acting],[]
485,Michelle Pfeiffer,,,[Acting],[]
486,Stan Lee,,,[Writers],[]
488,R. L. Stine,180,https://upload.wikimedia.org/wikipedia/commons/thumb/7/7e/R._L._Stine_%2848999385372%29.jpg/330px-R._L._Stine_%2848999385372%29.jpg,[Writers],[IMDb]
489,George R. R. Martin,168,https://upload.wikimedia.org/wikipedia/commons/thumb/5/50/Portrait_photoshoot_at_Worldcon_75%2C_Helsinki%2C_before_the_Hugo_Awards_%E2%80%93_George_R._R._Martin_%28cropped%29.jpg/250px-Portrait_photoshoot_at_Worldcon_75%2C_Helsinki%2C_before_the_Hugo_Awards_%E2%80%93_George_R._R._Martin_%28cropped%29.jpg,[Writers],[IMDb]
490,J. R. R. Tolkien,175,https://upload.wikimedia.org/wikipedia/commons/thumb/d/d4/J._R._R._Tolkien%2C_ca._1925.jpg/250px-J._R._R._Tolkien%2C_ca._1925.jpg,[Writers],[Google]
491,Marvin Gaye,,,[Music],[]
492,Christopher Walken,,,[Acting],[]
493,Paul McCartney,,,[Music],[]
494,Billy Joel,,,[Music],[]
496,Ludwig van Beethoven,162.5,https://upload.wikimedia.org/wikipedia/commons/thumb/0/0e/Beethoven_%28cropped_2%29.jpg/206px-Beethoven_%28cropped_2%29.jpg,"[Historical,Music]",[Google]
497,Wolfgang Amadeus Mozart,162.5,https://upload.wikimedia.org/wikipedia/commons/thumb/c/cf/Mozart-small.jpg/202px-Mozart-small.jpg,"[Historical,Music]",[Google]
498,Johann Sebastian Bach,180.3,https://upload.wikimedia.org/wikipedia/commons/6/6a/Johann_Sebastian_Bach.jpg?20200513060038,"[Historical,Music]",[Google]
499,Steven Yeun,172,https://upload.wikimedia.org/wikipedia/commons/thumb/7/76/Steven_Yeun_at_the_2025_Sundance_Film_Festival_%28cropped%29.jpg/250px-Steven_Yeun_at_the_2025_Sundance_Film_Festival_%28cropped%29.jpg,[Acting],[Celeb Heights]
500,Dante Basco,,,[Acting],[]
501,Elizabeth I,,,[Historical],[]
503,Napoleon,,,[Historical],[]
504,Karl Marx,175,https://upload.wikimedia.org/wikipedia/commons/thumb/d/de/Karl_Marx_coloured.gif/250px-Karl_Marx_coloured.gif,[Historical],[IMDb]
507,Louis XIV,162,https://upload.wikimedia.org/wikipedia/commons/7/71/Louis1667.jpg?20090204095702,[Historical],[Google]
508,Ulysses S. Grant,173,https://upload.wikimedia.org/wikipedia/commons/thumb/d/db/Ulysses_S_Grant_by_Brady_c1870-restored_%28cropped%29.jpg/250px-Ulysses_S_Grant_by_Brady_c1870-restored_%28cropped%29.jpg,[Presidents],[Wikipedia]
510,Ronald Reagan,,,[Presidents],[]
511,Charles Dickens,173,https://upload.wikimedia.org/wikipedia/commons/2/29/Charles_Dickens_4.jpg,[Writers],[IMDb]
512,Thomas Edison,178,https://upload.wikimedia.org/wikipedia/commons/thumb/b/b9/Thomas_Alva_Edison%2C_1847-1931_LCCN2004667705_%28cropped%29.jpg/250px-Thomas_Alva_Edison%2C_1847-1931_LCCN2004667705_%28cropped%29.jpg,"[Scientists,Historical]",[IMDb]
513,Friedrich Nietzsche,173,https://upload.wikimedia.org/wikipedia/commons/thumb/1/1b/Nietzsche187a.jpg/177px-Nietzsche187a.jpg,[Historical],[IMDb]
514,Immanuel Kant,157.5,https://upload.wikimedia.org/wikipedia/commons/thumb/5/56/PSM_V64_D479_Emmanuel_Kant.png/205px-PSM_V64_D479_Emmanuel_Kant.png,[Historical],[Google]
515,Sigmund Freud,172,https://upload.wikimedia.org/wikipedia/commons/thumb/9/9c/Austrian-psychoanalyst-Sigmund-Freud-1935.webp/500px-Austrian-psychoanalyst-Sigmund-Freud-1935.webp.png,[Historical],[IMDb]
516,Woodrow Wilson,180,https://upload.wikimedia.org/wikipedia/commons/thumb/3/34/Collier%27s_Wilson_Woodrow_%28cropped2%29.jpg/330px-Collier%27s_Wilson_Woodrow_%28cropped2%29.jpg,[Presidents],[IMDb]
517,James Madison,163,https://upload.wikimedia.org/wikipedia/commons/thumb/1/1d/James_Madison.jpg/250px-James_Madison.jpg,[Presidents],[Wikipedia]
518,John Adams,170,https://upload.wikimedia.org/wikipedia/commons/9/9e/Johnadamsvp.flipped.jpg?20050819151022,[Presidents],[Wikipedia]
519,Andrew Jackson,185,https://upload.wikimedia.org/wikipedia/commons/thumb/2/27/78yo_Andrew_Jackson.jpg/175px-78yo_Andrew_Jackson.jpg,[Presidents],[Wikipedia]
520,Socrates,,,[Historical],[]
521,Vladimir Lenin,165,https://upload.wikimedia.org/wikipedia/commons/thumb/2/27/Lenin_LCCN2014710954_%28cropped%29.jpg/210px-Lenin_LCCN2014710954_%28cropped%29.jpg,[Historical],[IMDb]
523,Michelangelo,157.5,https://upload.wikimedia.org/wikipedia/commons/thumb/0/02/Michelangelo_Daniele_da_Volterra_%28dettaglio%29.jpg/250px-Michelangelo_Daniele_da_Volterra_%28dettaglio%29.jpg,[Historical],[Google]
524,Nikola Tesla,188,https://upload.wikimedia.org/wikipedia/commons/thumb/8/8b/Tesla_raio_x_02.jpg/250px-Tesla_raio_x_02.jpg,"[Historical,Scientists]",[Google]
525,James Harden,,,[Sports],[]
526,Shohei Ohtani,192,https://upload.wikimedia.org/wikipedia/commons/thumb/0/02/Shohei_Ohtani_%2852251812611%29_%28cropped%29.jpg/250px-Shohei_Ohtani_%2852251812611%29_%28cropped%29.jpg,[Sports],[IMDb]
530,Simone Biles,,,[Sports],[]
533,Patrick Mahomes,188,https://upload.wikimedia.org/wikipedia/commons/6/62/Patrick_Mahomes_in_the_Oval_Office_of_the_White_House_on_June_5%2C_2023_-_P20230605AS-0902_%28cropped%29.jpg,[Sports],[Google]
534,Diana Taurasi,183,https://upload.wikimedia.org/wikipedia/commons/thumb/4/4a/Diana_Taurasi_2.jpg/330px-Diana_Taurasi_2.jpg,[Sports],[Google]
535,Lewis Hamilton,174,https://upload.wikimedia.org/wikipedia/commons/thumb/f/f1/Lewis_Hamilton_2014_China.jpg/250px-Lewis_Hamilton_2014_China.jpg,[Sports],[Google]
536,Max Verstappen,181,https://upload.wikimedia.org/wikipedia/commons/thumb/d/d0/Max_Verstappen_2017_Malaysia_1_%28cropped%29.jpg/240px-Max_Verstappen_2017_Malaysia_1_%28cropped%29.jpg,[Sports],[Google]
537,Michael Schumacher,174,https://upload.wikimedia.org/wikipedia/commons/thumb/4/45/Michael_Schumacher_Berkedip_%28Cropped%29.jpg/250px-Michael_Schumacher_Berkedip_%28Cropped%29.jpg,[Sports],[IMDb]
538,Buzz Aldrin,178,https://upload.wikimedia.org/wikipedia/commons/thumb/d/dc/Buzz_Aldrin_%28S69-31743%29_%28cropped%29.jpg/202px-Buzz_Aldrin_%28S69-31743%29_%28cropped%29.jpg,[Scientists],[IMDb]
540,Chris Hadfield,182,https://upload.wikimedia.org/wikipedia/commons/thumb/0/0c/Chris_Hadfield_2011.jpg/250px-Chris_Hadfield_2011.jpg,[Scientists],[IMDb]
542,George Takei,168,https://upload.wikimedia.org/wikipedia/commons/thumb/b/b9/George_Takei_in_2024_%28cropped%29.jpg/250px-George_Takei_in_2024_%28cropped%29.jpg,[Acting],[Celeb Heights]
543,John Cho,,,[Acting],[]
545,Lucy Liu,,,[Acting],[]
546,Sandra Oh,,,[Acting],[]
548,Jordan Peele,,,[Acting],[]
549,Keegan Michael Key,,,[Acting],[]
550,Jack Ma,152,https://upload.wikimedia.org/wikipedia/commons/thumb/3/38/Jack_Ma_2008.jpg/250px-Jack_Ma_2008.jpg,"[Wealth,Tech]",[IMDb]
551,Shou Zi Chew,175.3,https://upload.wikimedia.org/wikipedia/commons/thumb/0/0f/Shou_Zi_Chew_%28cropped%29.jpg/250px-Shou_Zi_Chew_%28cropped%29.jpg,[Tech],[Google]
552,Harriet Tubman,157,https://upload.wikimedia.org/wikipedia/commons/thumb/6/61/Harriet_Tubman_%28circa_1885%29.jpg/250px-Harriet_Tubman_%28circa_1885%29.jpg,[Historical],[Google]
553,Rosa Parks,160,https://upload.wikimedia.org/wikipedia/commons/thumb/8/81/Rosa_Parks_1955_2_%28cropped%29.jpg/250px-Rosa_Parks_1955_2_%28cropped%29.jpg,[Historical],[IMDb]
554,David Hasselhoff,193,https://upload.wikimedia.org/wikipedia/commons/thumb/7/71/David_Hasselhoff_1982.jpg/185px-David_Hasselhoff_1982.jpg,[Acting],[Celeb Heights]
555,Pamela Anderson,165,https://upload.wikimedia.org/wikipedia/commons/2/2c/Pamela-Anderson-040929.jpg,[Acting],[Celeb Heights]
556,Ed Helms,,,[Acting],[]
557,Owen Wilson,,,[Acting],[]
558,Israel Kamakawiwoʻole,188,https://upload.wikimedia.org/wikipedia/en/7/79/Israel_Kamakawiwo%CA%BBole.jpg,[Music],[IMDb]
559,Alfred Hitchcock,,,[Filmmakers],[]
560,Woody Allen,,,[Filmmakers],[]
561,Al Pacino,,,[Acting],[]
562,Joe Pesci,,,[Acting],[]
563,Robert De Niro,,,[Acting],[]
564,Jack Nicholson,,,[Acting],[]
565,Macho Man Randy Savage,184,https://www.celebheights.com/tr/r/randysavage.jpg,"[Acting,Sports]",[Celeb Heights]
566,Stone Cold Steve Austin,,,"[Sports,Acting]",[]
567,The Undertaker,,,"[Sports,Acting]",[]
568,Andre the Giant,224,https://upload.wikimedia.org/wikipedia/commons/thumb/8/8d/Andre_the_Giant_1980s_%28cropped%29.jpg/240px-Andre_the_Giant_1980s_%28cropped%29.jpg,[Sports],[IMDb]
569,Donnie Yen,,,[Acting],[]
570,Jet Li,,,[Acting],[]
571,Steve Irwin,,,[Scientists],[]
572,Awkwafina,,,"[Acting,Music]",[]
573,Kevin Jonas,,,[Music],[]
574,Joe Jonas,,,[Music],[]
576,Seong Gi-hun,191,https://upload.wikimedia.org/wikipedia/en/thumb/c/c1/Seong_Gi-hun_season_1.png/330px-Seong_Gi-hun_season_1.png,[Acting],[IMDb]
578,Jungkook,177,https://upload.wikimedia.org/wikipedia/commons/9/9f/Jeon_Jungkook_at_the_White_House%2C_31_May_2022.jpg,"[Music,K-pop]",[IMDb]
579,Rosé,168,https://upload.wikimedia.org/wikipedia/commons/thumb/a/aa/Ros%C3%A9_at_a_fan_signing_event_on_September_25%2C_2022_%28cropped%29.jpg/185px-Ros%C3%A9_at_a_fan_signing_event_on_September_25%2C_2022_%28cropped%29.jpg,"[Music,K-pop]",[IMDb]
580,Psy,,,[Music],[]
581,MC Hammer,182,https://upload.wikimedia.org/wikipedia/commons/thumb/f/f8/MC_Hammer_1999.jpg/250px-MC_Hammer_1999.jpg,[Music],[IMDb]
582,Weird Al Yankovic,,,[Music],[]
583,Marie Curie,155,https://upload.wikimedia.org/wikipedia/commons/thumb/5/51/Marie_Curie_%281900%29.jpg/250px-Marie_Curie_%281900%29.jpg,[Scientists],[IMDb]
584,Niels Bohr,,,[Scientists],[]
585,Linus Pauling,183,https://upload.wikimedia.org/wikipedia/commons/thumb/5/51/Linus_Pauling_1955b.png/529px-Linus_Pauling_1955b.png,[Scientists],[Google]
586,Carl Sagan,180,https://upload.wikimedia.org/wikipedia/commons/8/8d/Carl_Sagan_Planetary_Society_cropped.png,[Scientists],[IMDb]
587,Erwin Schrödinger,167.5,https://upload.wikimedia.org/wikipedia/commons/9/99/Erwin_Schrodinger2.jpg,[Scientists],[Google]
588,Enrico Fermi,168,https://upload.wikimedia.org/wikipedia/commons/thumb/4/43/Enrico_Fermi_1943-49_%28cropped%29.jpg/250px-Enrico_Fermi_1943-49_%28cropped%29.jpg,[Scientists],[Google]
589,KSI,,,[Influencers],[]
590,Anthony Padilla,,,[Influencers],[]
591,Jimmy Page,,,[Music],[]
592,Edward Van Halen,,,[Music],[]
593,John Muir,,,[Historical],[]
594,James Dyson,,,[Tech],[]
595,Jon Batiste,180.3,https://upload.wikimedia.org/wikipedia/commons/thumb/b/b9/Jon_Batiste_MFF_2023.jpg/250px-Jon_Batiste_MFF_2023.jpg,[Music],[Google]
596,Jason Mraz,175,https://upload.wikimedia.org/wikipedia/commons/thumb/2/21/Jason_Mraz_2011.jpg/267px-Jason_Mraz_2011.jpg,[Music],[IMDb]
599,Larry Page,183,https://upload.wikimedia.org/wikipedia/commons/thumb/e/ec/Larry_Page_in_the_European_Parliament%2C_17.06.2009_%28cropped%29.jpg/250px-Larry_Page_in_the_European_Parliament%2C_17.06.2009_%28cropped%29.jpg,[Tech],[IMDb]
600,Alan Turing,182,https://upload.wikimedia.org/wikipedia/commons/thumb/e/ea/Alan_Turing_%281912-1954%29_in_1936_at_Princeton_University_%28b%26w%29.jpg/250px-Alan_Turing_%281912-1954%29_in_1936_at_Princeton_University_%28b%26w%29.jpg,[Scientists],[IMDb]
601,Jensen Huang,170,https://upload.wikimedia.org/wikipedia/commons/thumb/3/35/Jensen_Huang_20231109.jpg/250px-Jensen_Huang_20231109.jpg,[Tech],[Google]
602,J. Robert Oppenheimer,178,https://upload.wikimedia.org/wikipedia/commons/thumb/8/85/Oppenheimer_%28cropped%29.jpg/250px-Oppenheimer_%28cropped%29.jpg,[Scientists],[IMDb]
603,Rowan Atkinson,,,"[Acting,Comedy]",[]
604,Randall Park,,,[Acting],[]
605,Zachary Levi,191,https://upload.wikimedia.org/wikipedia/commons/thumb/f/fa/Zachary_Levi_-_Guardians_of_the_Galaxy_premiere_-_July_2014_%28cropped%29.jpg/164px-Zachary_Levi_-_Guardians_of_the_Galaxy_premiere_-_July_2014_%28cropped%29.jpg,[Acting],[Celeb Heights]
606,Natalie Portman,,,[Acting],[]
607,Taika Waititi,,,[Acting],[]
608,Bill Murray,,,[Acting],[]
609,Lisa Kudrow,,,[Acting],[]
610,Daniel Kaluuya,,,[Acting],[]
611,Michael Bay,,,[Filmmakers],[]
612,James Cameron,,,[Filmmakers],[]
613,Quentin Tarantino,,,[Filmmakers],[]
614,Jon Favreau,,,[Acting],[]
615,Lin Manuel Miranda,,,[Acting],[]
616,Luiz Inácio Lula da Silva,168,https://upload.wikimedia.org/wikipedia/commons/thumb/c/ca/Foto_oficial_de_Luiz_In%C3%A1cio_Lula_da_Silva_%28croped%29.jpg/250px-Foto_oficial_de_Luiz_In%C3%A1cio_Lula_da_Silva_%28croped%29.jpg,[Politics],[IMDb]
617,Mother Teresa,152,https://upload.wikimedia.org/wikipedia/commons/0/08/Mother_Teresa_1995_%28cropped%29.jpg?20220822094439,[Politics],[IMDb]
619,Walt Disney,,,[Writers],[]
620,Conor McGregor,,,[Sports],[]
621,Tony Hawk,,,[Sports],[]
622,Grant Imahara,165,https://upload.wikimedia.org/wikipedia/commons/thumb/0/0a/Grant_Imahara_by_Gage_Skidmore.jpg/176px-Grant_Imahara_by_Gage_Skidmore.jpg,[Acting],[IMDb]
623,Gabe Newell,179,https://upload.wikimedia.org/wikipedia/commons/thumb/f/f8/Gabe_Newell_GDC_2010_%28cropped_2%29.jpg/250px-Gabe_Newell_GDC_2010_%28cropped_2%29.jpg,[Tech],[IMDb]
624,Nancy Reagan,163,https://upload.wikimedia.org/wikipedia/commons/1/18/Nancy_Reagan.jpg,[Politics],[IMDb]
626,James Monroe,183,https://upload.wikimedia.org/wikipedia/commons/6/62/James_Monroe_%281758%E2%80%931831%29_1858_8.jpeg?20230311221503,[Presidents],[Wikipedia]
628,V,179,https://upload.wikimedia.org/wikipedia/commons/3/3c/V_in_the_Oval_Office_of_the_White_House%2C_May_31%2C_2022_%28cropped%29.jpg?20240919054844,"[K-pop,Music]",[Google]
629,J-Hope,177,https://upload.wikimedia.org/wikipedia/commons/thumb/6/68/J-Hope_of_BTS%2C_November_22%2C_2024.png/170px-J-Hope_of_BTS%2C_November_22%2C_2024.png,"[K-pop,Music]",[IMDb]
630,RM,180,https://upload.wikimedia.org/wikipedia/commons/thumb/d/d2/RM_at_%22Map_of_the_Soul_-_Persona%22_global_press_conference%2C_17_April_2019.jpg/168px-RM_at_%22Map_of_the_Soul_-_Persona%22_global_press_conference%2C_17_April_2019.jpg,"[K-pop,Music]",[IMDb]
631,Jin,178,https://upload.wikimedia.org/wikipedia/commons/thumb/6/64/BTS_JIN_Airport_Departure_on_20250223_03.png/184px-BTS_JIN_Airport_Departure_on_20250223_03.png,"[K-pop,Music]",[IMDb]
632,SUGA,174,https://upload.wikimedia.org/wikipedia/commons/6/6c/Suga_in_the_Oval_Office_of_the_White_House%2C_May_31%2C_2022_%28cropped%29.jpg,"[K-pop,Music]",[IMDb]
633,Jimin,174,https://upload.wikimedia.org/wikipedia/commons/thumb/2/2b/Jimin_x_Samsung_Galaxy_August_2021.png/225px-Jimin_x_Samsung_Galaxy_August_2021.png,"[K-pop,Music]",[IMDb]
636,Vincent van Gogh,170,https://upload.wikimedia.org/wikipedia/commons/thumb/4/4c/Vincent_van_Gogh_-_Self-Portrait_-_Google_Art_Project_%28454045%29.jpg/250px-Vincent_van_Gogh_-_Self-Portrait_-_Google_Art_Project_%28454045%29.jpg,[Historical],[IMDb]
637,Claude Monet,175,https://upload.wikimedia.org/wikipedia/commons/thumb/a/a4/Claude_Monet_1899_Nadar_crop.jpg/250px-Claude_Monet_1899_Nadar_crop.jpg,[Historical],[IMDb]
638,Salvador Dalí,172,https://upload.wikimedia.org/wikipedia/commons/thumb/2/24/Salvador_Dal%C3%AD_1939.jpg/250px-Salvador_Dal%C3%AD_1939.jpg,[Historical],[IMDb]
639,Dick Cheney,173,https://upload.wikimedia.org/wikipedia/commons/thumb/8/88/46_Dick_Cheney_3x4.jpg/250px-46_Dick_Cheney_3x4.jpg,[Politics],[IMDb]
640,Colin Powell,185,https://upload.wikimedia.org/wikipedia/commons/thumb/2/22/Colin_Powell_official_Secretary_of_State_photo.jpg/192px-Colin_Powell_official_Secretary_of_State_photo.jpg,[Politics],[IMDb]
642,King Charles II,188,https://upload.wikimedia.org/wikipedia/commons/4/44/Charles_II.2.png,[Historical],[Google]
643,Shinzo Abe,175,https://upload.wikimedia.org/wikipedia/commons/thumb/d/df/20181014kanetsushiki04.jpg/250px-20181014kanetsushiki04.jpg,[Politics],[IMDb]
644,Eric Trump,,,[Politics],[]
645,Melania Trump,,,[Politics],[]
646,Justin Trudeau,,,[Politics],[]
647,The Kid Laroi,,,[Music],[]
648,The Notorious B.I.G.,,,[Music],[]
649,Margaret Thatcher,,,[Politics],[]
650,Sydney Sweeney,,,[Acting],[]
651,Sting,,,[Music],[]
652,M. Night Shyamalan,,,[Filmmakers],[]
653,Seal,,,[Music],[]
654,Steven Seagal,193,https://upload.wikimedia.org/wikipedia/commons/thumb/5/5a/Steven_Seagal_at_Russia_Expo.jpg/250px-Steven_Seagal_at_Russia_Expo.jpg,"[Acting,Sports]",[Celeb Heights]
655,Ridley Scott,,,[Filmmakers],[]
656,Sigourney Weaver,180,https://upload.wikimedia.org/wikipedia/commons/thumb/c/cb/Sigourney_Weaver_%40_2010_Academy_Awards_cropped.jpg/183px-Sigourney_Weaver_%40_2010_Academy_Awards_cropped.jpg,[Acting],[Celeb Heights]
657,Jean Claude Van Damme,,,"[Sports,Acting]",[]
658,Roddy Ricch,,,[Music],[]
659,Pokimane,,,[Influencers],[]
660,Andrew Tate,,,[Influencers],[]
661,Joe Rogan,,,[Influencers],[]
662,Xi Jinping,180,https://upload.wikimedia.org/wikipedia/commons/thumb/d/da/Xi_Jinping_at_Great_Hall_of_the_People_2016_%28cropped%29.jpg/500px-Xi_Jinping_at_Great_Hall_of_the_People_2016_%28cropped%29.jpg,[Politics],[IMDb]
663,Archduke Franz Ferdinand,142.2,https://upload.wikimedia.org/wikipedia/commons/thumb/c/c1/Ferdinand_Schmutzer_-_Franz_Ferdinand_von_%C3%96sterreich-Este%2C_um_1914_%28cropped%29.jpg/250px-Ferdinand_Schmutzer_-_Franz_Ferdinand_von_%C3%96sterreich-Este%2C_um_1914_%28cropped%29.jpg,[Historical],[Google]
664,Benito Mussolini,169,https://upload.wikimedia.org/wikipedia/commons/thumb/8/8a/Mussolini-dichiarazione-guerra_%28cropped%29.jpg/250px-Mussolini-dichiarazione-guerra_%28cropped%29.jpg,[Historical],[IMDb]
665,Charles de Gaulle,,,[Historical],[]
666,Nikita Khrushchev,160,https://upload.wikimedia.org/wikipedia/commons/9/90/Hru%C5%A1%C4%87ov1.JPG,[Historical],[IMDb]
667,Alexander Hamilton,169,https://upload.wikimedia.org/wikipedia/commons/thumb/1/14/Ezra_Ames_portrait_of_Alexander_Hamilton%2C_posthumous%2C_ca._1810_%28cropped%29.jpg/250px-Ezra_Ames_portrait_of_Alexander_Hamilton%2C_posthumous%2C_ca._1810_%28cropped%29.jpg,[Historical],[Wikipedia]
668,Otto von Bismarck,193,https://upload.wikimedia.org/wikipedia/commons/thumb/1/10/Bundesarchiv_Bild_146-2005-0057%2C_Otto_von_Bismarck.jpg/403px-Bundesarchiv_Bild_146-2005-0057%2C_Otto_von_Bismarck.jpg,[Historical],[IMDb]
669,John Quincy Adams,171,https://upload.wikimedia.org/wikipedia/commons/thumb/3/3a/JQA_Photo_Crop_%28cropped%29.jpg/250px-JQA_Photo_Crop_%28cropped%29.jpg,[Presidents],[Wikipedia]
670,Lyndon B. Johnson,,,[Presidents],[]
671,Alexander the Great,,,[Historical],[]
672,Catherine the Great,157.5,https://upload.wikimedia.org/wikipedia/commons/thumb/7/72/Catherine_II_after_Roslin%2C_Rokotov_%281780s%2C_Kunsthistorisches_Museum%29.jpg/250px-Catherine_II_after_Roslin%2C_Rokotov_%281780s%2C_Kunsthistorisches_Museum%29.jpg,[Historical],[Google]
673,Jawaharlal Nehru,178,https://upload.wikimedia.org/wikipedia/commons/thumb/b/bc/Jawaharlal_Nehru%2C_1947.jpg/250px-Jawaharlal_Nehru%2C_1947.jpg,[Historical],[IMDb]
674,Mao Zedong,180,https://upload.wikimedia.org/wikipedia/commons/thumb/4/47/1965-01_%E6%AF%9B%E6%B3%BD%E4%B8%9C_%E6%94%AF%E6%8C%81%E5%88%9A%E6%9E%9C%E5%8F%8D%E5%AF%B9%E7%BE%8E%E5%9B%BD.jpg/481px-1965-01_%E6%AF%9B%E6%B3%BD%E4%B8%9C_%E6%94%AF%E6%8C%81%E5%88%9A%E6%9E%9C%E5%8F%8D%E5%AF%B9%E7%BE%8E%E5%9B%BD.jpg,[Historical],[IMDb]
675,Queen Victoria,152.4,https://upload.wikimedia.org/wikipedia/commons/thumb/a/a4/Queen_Victoria_1887_%28Cropped%29.jpg/250px-Queen_Victoria_1887_%28Cropped%29.jpg,[Historical],[Google]
676,Kim Il-Sung,175,https://upload.wikimedia.org/wikipedia/commons/thumb/5/5c/Kim_Il_Sung_Portrait-2.jpg/190px-Kim_Il_Sung_Portrait-2.jpg,[Historical],[IMDb]
677,Benjamin Netanyahu,,,[Politics],[]
678,Boris Johnson,,,[Politics],[]
679,Ip Man,162.6,https://upload.wikimedia.org/wikipedia/commons/6/6c/Yip_Man.jpg,"[Historical,Sports]",[Google]
680,Pat Sajak,178,https://upload.wikimedia.org/wikipedia/commons/thumb/0/02/Pat_Sajak_USMC-10583_%28cropped%29.jpg/250px-Pat_Sajak_USMC-10583_%28cropped%29.jpg,[Acting],[IMDb]
681,Steve Harvey,,,[Acting],[]
682,Alex Trebek,180,https://upload.wikimedia.org/wikipedia/commons/thumb/b/bf/Alex_Trebek_%287269138454%29.jpg/250px-Alex_Trebek_%287269138454%29.jpg,[Acting],[IMDb]
683,George Orwell,188,https://upload.wikimedia.org/wikipedia/commons/thumb/7/7a/George-orwell-BBC.jpg/250px-George-orwell-BBC.jpg,[Writers],[IMDb]
684,Ringo Starr,,,[Music],[]
685,Freddie Mercury,,,[Music],[]
686,Kurt Cobain,,,[Music],[]
687,Joey Fatone,,,[Music],[]
689,Liam Payne,,,[Music],[]
690,Jim Henson,,,[Acting],[]
691,Bob Ross,188,https://m.media-amazon.com/images/M/MV5BOTVkNDY4OGYtYTNlOC00YWJlLWFjNGYtYmRmNmFhNDA5ZmJmXkEyXkFqcGc@._V1_QL75_UX603_.jpg,[Influencers],[IMDb]
692,Mel Brooks,,,[Acting],[]
693,Howey Mandel,175,https://upload.wikimedia.org/wikipedia/commons/a/a1/Howie_Mandel_%28cropped%29.jpg,[Acting],[IMDb]
694,Kevin O'Leary,179,https://upload.wikimedia.org/wikipedia/commons/thumb/8/82/Kevin_O%27Leary_2012.jpg/182px-Kevin_O%27Leary_2012.jpg,"[Wealth,Acting]",[IMDb]
695,Marques Brownlee,,,"[Tech,Influencers]",[]
696,Rami Malek,,,[Acting],[]
697,Laurence Fishburne,,,[Acting],[]
698,Patrick Stewart,,,[Acting],[]
699,Paul Walker,,,[Acting],[]
700,Ludacris,,,"[Acting,Music]",[]
701,Ja Rule,,,"[Acting,Music]",[]
702,Brie Larson,,,[Acting],[]
703,Mark Strong,,,[Acting],[]
704,Reggie Fils-Aimé,185,https://upload.wikimedia.org/wikipedia/commons/thumb/5/5a/Reggie_Fils-Aime_-_Game_Developers_Conference_2011_-_Day_2_%281%29_%28cropped%29.jpg/250px-Reggie_Fils-Aime_-_Game_Developers_Conference_2011_-_Day_2_%281%29_%28cropped%29.jpg,[Tech],[IMDb]
705,Magnus Carlsen,178,https://upload.wikimedia.org/wikipedia/commons/thumb/0/0c/Magnus_Carlsen_in_2023.jpg/250px-Magnus_Carlsen_in_2023.jpg,[Sports],[IMDb]
706,Hikaru Nakamura,165,https://upload.wikimedia.org/wikipedia/commons/thumb/d/d5/Hikaru_Nakamura_%282016%29_crop.jpg/250px-Hikaru_Nakamura_%282016%29_crop.jpg,[Sports],[Google]
707,Meryl Streep,,,[Acting],[]
708,Tina Fey,,,[Acting],[]
709,Will I Am,,,[Music],[]
710,Stanley Tucci,,,[Acting],[]
711,Alan Walker,185,https://upload.wikimedia.org/wikipedia/commons/thumb/7/71/Alan_Walker_visits_Spangdahlem.jpg/160px-Alan_Walker_visits_Spangdahlem.jpg,[Music],[IMDb]
712,Courteney Cox,,,[Acting],[]
713,Cr1TiKaL,,,[Influencers],[]
714,FaZe Rug,,,[Influencers],[]
715,Wayne Gretzky,183,https://upload.wikimedia.org/wikipedia/commons/thumb/d/da/Wgretz.jpg/175px-Wgretz.jpg,[Sports],[Google]
716,Harry Houdini,,,[Magicians],[]
717,David Copperfield,,,[Magicians],[]
718,Criss Angel,,,[Magicians],[]
719,David Blaine,,,[Magicians],[]
720,Penn Jillette,,,[Magicians],[]
721,Raymond Teller,,,[Magicians],[]
722,Nathan Fielder,177,https://upload.wikimedia.org/wikipedia/commons/thumb/b/be/Nathan_Fielder.jpg/250px-Nathan_Fielder.jpg,[Acting],[IMDb]
724,James Gunn,,,[Filmmakers],[]
725,Bryan Cranston,175,https://upload.wikimedia.org/wikipedia/commons/thumb/a/a0/Bryan_Cranston_at_85th_Acamdey_Awards.jpg/250px-Bryan_Cranston_at_85th_Acamdey_Awards.jpg,[Acting],[Celeb Heights]
726,Aaron Paul,,,[Acting],[]
727,Bob Odenkirk,175,https://upload.wikimedia.org/wikipedia/commons/thumb/3/3e/Bob_Odenkirk_%2843602730951%29_%28cropped%29.jpg/189px-Bob_Odenkirk_%2843602730951%29_%28cropped%29.jpg,[Acting],[Celeb Heights]
728,David Tennant,185,https://upload.wikimedia.org/wikipedia/commons/thumb/4/42/DavidTennant2023b.jpg/160px-DavidTennant2023b.jpg,[Acting],[Celeb Heights]
729,Lewis Capaldi,,,[Music],[]
730,Peter Capaldi,182,https://upload.wikimedia.org/wikipedia/commons/c/c6/Peter_Capaldi_June_2014.jpg,[Acting],[Celeb Heights]
731,Billie Joe Armstrong,,,[Music],[]
732,Rasputin,193,https://upload.wikimedia.org/wikipedia/commons/thumb/9/97/Grigori_Rasputin_1916.jpg/167px-Grigori_Rasputin_1916.jpg,[Historical],[Google]
733,Lance Armstrong,,,[Sports],[]
734,Mitt Romney,188,https://upload.wikimedia.org/wikipedia/commons/thumb/7/7f/Mitt_Romney_official_US_Senate_portrait.jpg/189px-Mitt_Romney_official_US_Senate_portrait.jpg,[Politics],[Google]
735,Stanley Kubrick,,,[Filmmakers],[]
736,Christopher Nolan,,,[Filmmakers],[]
737,David Fincher,,,[Filmmakers],[]
738,George Lucas,,,[Filmmakers],[]
739,Charlie Chaplin,,,[Filmmakers],[]
740,Zack Snyder,170,https://upload.wikimedia.org/wikipedia/commons/thumb/3/33/Zack_Snyder.jpg/174px-Zack_Snyder.jpg,[Filmmakers],[IMDb]
742,Emily Blunt,,,[Acting],[]
743,Jackson Wang,174,https://upload.wikimedia.org/wikipedia/commons/thumb/a/a0/Jackson_Wang_%22M.I.A%22_teaser_2.jpg/250px-Jackson_Wang_%22M.I.A%22_teaser_2.jpg,[Music],[IMDb]
744,Pope John Paul II,178,https://upload.wikimedia.org/wikipedia/commons/thumb/d/d8/George_H_W_Bush_and_Pope_John_Paul_II_%28cropped%29.jpg/250px-George_H_W_Bush_and_Pope_John_Paul_II_%28cropped%29.jpg,[Politics],[IMDb]
745,Pope Benedict XVI,170,https://upload.wikimedia.org/wikipedia/commons/thumb/9/96/Benedykt_xvi-crop.jpg/250px-Benedykt_xvi-crop.jpg,[Politics],[IMDb]
746,Kim Chae-won,163,https://upload.wikimedia.org/wikipedia/commons/thumb/6/62/240329_Kim_Chae-won_%281%29.jpg/250px-240329_Kim_Chae-won_%281%29.jpg,[K-pop],[IMDb]
748,Sonia Sotomayor,,,[Politics],[]
749,Ted Cruz,,,[Politics],[]
750,Celine Dion,,,[Music],[]
751,Kylian Mbappé,,,[Sports],[]
752,Augusto Pinochet,167.6,https://upload.wikimedia.org/wikipedia/commons/b/ba/Pinochet_de_Civil2.jpg,[Politics],[Google]
753,Magic Johnson,,,[Sports],[]
754,Soulja Boy,,,[Music],[]
755,James Blunt,,,[Music],[]
756,Robbie Williams,,,[Music],[]
757,Princess Diana,177,https://upload.wikimedia.org/wikipedia/commons/thumb/4/47/Princess_Diana_1985.jpg/250px-Princess_Diana_1985.jpg,[Politics],[Celeb Heights]
758,Anderson Cooper,,,[Politics],[]
759,Ron DeSantis,,,[Politics],[]
760,Lester Holt,188,https://upload.wikimedia.org/wikipedia/commons/thumb/0/02/Lester_Holt_2022.jpg/199px-Lester_Holt_2022.jpg,[Politics],[IMDb]
761,Jon Bon Jovi,,,[Music],[]
762,Travis Barker,,,[Music],[]
763,Jeremy Lin,,,[Sports],[]
764,Dwyane Wade,,,[Sports],[]
767,Ivan Pavlov,,,[Scientists],[]
768,Don Cheadle,,,[Acting],[]
769,Norman Reedus,177,https://upload.wikimedia.org/wikipedia/commons/thumb/4/46/Neil_Grabowsky-Norman_Reedus-NEG_1473_%2826377068224%29.jpg/160px-Neil_Grabowsky-Norman_Reedus-NEG_1473_%2826377068224%29.jpg,[Acting],[Celeb Heights]
770,David Beckham,,,[Sports],[]
771,Pop Smoke,177,https://upload.wikimedia.org/wikipedia/commons/thumb/5/55/Pop_Smoke_2020_%282%29.jpg/250px-Pop_Smoke_2020_%282%29.jpg,[Music],[Google]
772,Lil Wayne,,,[Music],[]
774,Queen Latifah,,,"[Music,Acting]",[]
775,Andre 3000,178,https://www.celebheights.com/tr/a/andrebenjamin.jpg,[Music],[Celeb Heights]
777,Malcolm X,,,[Politics],[]
778,Method Man,,,[Acting],[]
779,Mark Rober,183,https://upload.wikimedia.org/wikipedia/commons/thumb/d/da/Mark_Rober-_Close.png/250px-Mark_Rober-_Close.png,[Influencers],[IMDb]
780,Kai Cenat,160,https://upload.wikimedia.org/wikipedia/commons/thumb/5/57/Kai_Cenat.png/250px-Kai_Cenat.png,[Influencers],[Google]
781,xQc,188,https://upload.wikimedia.org/wikipedia/commons/thumb/6/63/Felix_Lengyel.png/250px-Felix_Lengyel.png,[Influencers],[Google]
782,Shroud,168,https://upload.wikimedia.org/wikipedia/commons/thumb/d/df/Shroud_cropped.jpg/250px-Shroud_cropped.jpg,[Influencers],[Dimensions]
783,DanTDM,168,https://upload.wikimedia.org/wikipedia/commons/thumb/c/cf/TDM_On_Tour_%28cropped_and_rotated%29.jpg/250px-TDM_On_Tour_%28cropped_and_rotated%29.jpg,[Influencers],[IMDb]
784,MatPat,180,https://upload.wikimedia.org/wikipedia/commons/thumb/b/bb/MatPat_2020_%28I68lZ9jptWU%29.jpg/178px-MatPat_2020_%28I68lZ9jptWU%29.jpg,[Influencers],[IMDb]
786,Sir Mix-a-Lot,180,https://upload.wikimedia.org/wikipedia/commons/thumb/2/2b/Sir_Mix-A-Lot.jpg/330px-Sir_Mix-A-Lot.jpg,[Music],[IMDb]
787,Scatman John,181,,[Music],[IMDb]
788,Bo Burnham,,,[Acting],[Celeb Heights]
789,Excision,175.3,https://upload.wikimedia.org/wikipedia/commons/thumb/1/1f/Spring_Awakening_Music_Festival_6_16_2013_%289154902769%29_%28cropped%29.jpg/250px-Spring_Awakening_Music_Festival_6_16_2013_%289154902769%29_%28cropped%29.jpg,[Music],[Google]
790,Illenium,180,https://upload.wikimedia.org/wikipedia/commons/thumb/d/d8/ILLENIUM.jpg/250px-ILLENIUM.jpg,[Music],[Google]
791,deadmau5,175,https://upload.wikimedia.org/wikipedia/commons/thumb/b/bb/Deadmau5_Belknap_Park_2023.jpg/250px-Deadmau5_Belknap_Park_2023.jpg,[Music],[IMDb]
792,Nat King Cole,,,[Music],[]
793,Michael Pena,,,[Acting],[]
794,Arnold Palmer,178,https://upload.wikimedia.org/wikipedia/commons/thumb/d/d8/YN3ArnoldPalmer.jpg/250px-YN3ArnoldPalmer.jpg,[Sports],[Wikipedia]
795,Hasan Minhaj,,,[Comedy],[]
796,Will Arnett,,,[Acting],[]
797,Tommy Lee Jones,,,[Acting],[]
798,Ernest Hemingway,,,[Writers],[]
799,Salma Hayek,,,[Acting],[]
801,Eleanor Roosevelt,182,https://upload.wikimedia.org/wikipedia/commons/thumb/d/d0/Eleanor_Roosevelt_-_NARA_-_195319.jpg/152px-Eleanor_Roosevelt_-_NARA_-_195319.jpg,[Politics],[IMDb]
802,Woody Harrelson,,,[Acting],[]
803,Michael J Fox,,,[Acting],[]
804,Chris Farley,,,[Acting],[]
805,Robert Duvall,,,[Acting],[]
806,Judge Judy,155,https://upload.wikimedia.org/wikipedia/commons/thumb/a/aa/Judge_Judy.jpg/2000px-Judge_Judy.jpg,[Acting],[IMDb]
807,Tucker Carlson,185,https://upload.wikimedia.org/wikipedia/commons/thumb/5/59/TuckerRonPaul_%28cropped%29.jpg/2000px-TuckerRonPaul_%28cropped%29.jpg,[Politics],[IMDb]
808,Chris Hansen,188,https://upload.wikimedia.org/wikipedia/commons/thumb/d/dc/Chris_Hansen_%28cropped%29.jpg/250px-Chris_Hansen_%28cropped%29.jpg,[Acting],[IMDb]
809,Ali Wong,,,[Acting],[]
810,Danny Trejo,167,https://upload.wikimedia.org/wikipedia/commons/thumb/4/48/Danny_Trejo_%2853260707374%29.jpg/250px-Danny_Trejo_%2853260707374%29.jpg,[Acting],[Celeb Heights]
811,Martha Stewart,,,[Acting],[]
812,Seth Meyers,,,"[Acting,Comedy]",[]
813,Mario Lopez,,,[Acting],[]
814,George Lopez,,,[Acting],[]
815,Wolfgang Puck,173,https://upload.wikimedia.org/wikipedia/commons/thumb/e/ed/Oscar_Official_Chef_Wolfgang_Puck.jpg/330px-Oscar_Official_Chef_Wolfgang_Puck.jpg,[Acting],[IMDb]
816,Ryan Seacrest,,,[Acting],[]
817,Paris Hilton,,,[Acting],[]
818,Jerry Springer,,,[Acting],[]
819,Donald Trump Jr.,185,https://upload.wikimedia.org/wikipedia/commons/thumb/7/78/Donald_Trump%2C_Jr._%2853808883476%29_%28cropped%29.jpg/250px-Donald_Trump%2C_Jr._%2853808883476%29_%28cropped%29.jpg,[Politics],[IMDb]
820,Khloe Kardashian,,,[Acting],[]
821,Caitlyn Jenner,,,[Sports],[]
822,Kourtney Kardashian,,,[Acting],[]
823,Amy Schumer,,,[Acting],[]
824,Christina Aguilera,,,[Music],[]
825,Janet Jackson,,,[Music],[]
826,P!nk,,,[Music],[]
827,Gwen Stefani,,,[Music],[]
828,Kelly Clarkson,,,[Music],[]
829,Chris Brown,,,[Music],[]
831,Sam Smith,,,[Music],[]
832,Rick Astley,,,[Music],[]
833,Kate Bush,,,[Music],[]
834,Robert F. Kennedy Jr.,,,[Politics],[]
835,Pelé,171,https://upload.wikimedia.org/wikipedia/commons/5/5e/Pele_con_brasil_%28cropped%29.jpg,[Sports],[Celeb Heights]
836,Venus Williams,,,[Sports],[]
837,John Madden,193,https://upload.wikimedia.org/wikipedia/commons/c/c6/John_Madden_%28Higher_Quality%29.jpg?20220114002826,[Sports],[IMDb]
838,Larry Bird,,,[Sports],[]
839,Peyton Manning,,,[Sports],[]
840,Travis Kelce,195,https://upload.wikimedia.org/wikipedia/commons/f/f5/Travis_Kelce_in_the_Oval_Office_of_the_White_House_on_June_5%2C_2023_-_P20230605AS-0902_%28cropped%29.jpg,[Sports],[IMDb]
841,Tracy Morgan,,,[Acting],[]
842,Andy Samberg,,,[Acting],[]
843,Patrick Swayze,,,[Acting],[]
844,Jada Pinkett Smith,,,[Acting],[]
845,Lindsay Lohan,,,[Acting],[]
846,Shirley Temple,,,[Acting],[]
847,Lionel Richie,180,https://upload.wikimedia.org/wikipedia/commons/thumb/5/53/Lionel_Richie_2022_%2851930307118%29_%28cropped%29.jpg/250px-Lionel_Richie_2022_%2851930307118%29_%28cropped%29.jpg,[Music],[Celeb Heights]
848,Kevin Spacey,,,[Acting],[]
849,Liam Hemsworth,,,[Acting],[]
850,Harry S. Truman,175,https://upload.wikimedia.org/wikipedia/commons/thumb/0/0b/TRUMAN_58-766-06_%28cropped%29.jpg/178px-TRUMAN_58-766-06_%28cropped%29.jpg,[Presidents],[Wikipedia]
851,Kevin Bacon,,,[Acting],[]
852,Bob Saget,,,[Acting],[]
853,Antonio Banderas,,,[Acting],[]
854,Bruce Springsteen,,,[Music],[]
855,Tim Burton,,,[Filmmakers],[]
856,Forest Whitaker,,,[Acting],[]
858,James A. Garfield,183,https://upload.wikimedia.org/wikipedia/commons/thumb/1/1f/James_Abram_Garfield%2C_photo_portrait_seated.jpg/250px-James_Abram_Garfield%2C_photo_portrait_seated.jpg,[Presidents],[Wikipedia]
859,Prince William,,,[Politics],[]
860,Jaden Smith,,,[Acting],[]
861,Herbert Hoover,182,https://upload.wikimedia.org/wikipedia/commons/thumb/5/57/President_Hoover_portrait.jpg/250px-President_Hoover_portrait.jpg,[Presidents],[Wikipedia]
862,William Howard Taft,182,https://upload.wikimedia.org/wikipedia/commons/thumb/a/a1/Cabinet_card_of_William_Howard_Taft_by_Pach_Brothers_-_Cropped_to_image.jpg/250px-Cabinet_card_of_William_Howard_Taft_by_Pach_Brothers_-_Cropped_to_image.jpg,[Presidents],[Wikipedia]
863,R Kelly,,,[Music],[]
864,David Schwimmer,,,[Acting],[]
866,Ted Danson,,,[Acting],[]
867,Amber Heard,,,[Acting],[]
868,Paul Reubens,175,https://upload.wikimedia.org/wikipedia/commons/f/ff/Peewee250.jpg,"[Acting,Comedy]",[Celeb Heights]
869,Machine Gun Kelly,,,[Music],[]
870,Maya Angelou,183,https://upload.wikimedia.org/wikipedia/commons/thumb/4/4f/Angelou_at_Clinton_inauguration_%28cropped_2%29.jpg/177px-Angelou_at_Clinton_inauguration_%28cropped_2%29.jpg,[Writers],[IMDb]
871,Elijah Wood,,,[Acting],[]
872,Tom Clancy,188,https://upload.wikimedia.org/wikipedia/commons/thumb/9/98/Tom_Clancy_at_Burns_Library_cropped.jpg/250px-Tom_Clancy_at_Burns_Library_cropped.jpg,[Writers],[IMDb]
873,Calvin Coolidge,178,https://upload.wikimedia.org/wikipedia/commons/thumb/b/b4/President_Calvin_Coolidge%2C_1924_head-and-shoulders_portrait%2C_facing_slightly_right_%283x4_cropped%29.tif/lossy-page1-180px-President_Calvin_Coolidge%2C_1924_head-and-shoulders_portrait%2C_facing_slightly_right_%283x4_cropped%29.tif.jpg,[Presidents],[Wikipedia]
874,Grover Cleveland,180,https://upload.wikimedia.org/wikipedia/commons/thumb/3/36/StephenGroverCleveland.jpg/250px-StephenGroverCleveland.jpg,[Presidents],[Wikipedia]
875,Elizabeth Olsen,,,[Acting],[]
876,Anna Kendrick,,,[Acting],[]
877,Pete Davidson,,,[Acting],[]
878,César Chávez,174,https://upload.wikimedia.org/wikipedia/commons/thumb/8/8e/Cesar_chavez_crop2.jpg/250px-Cesar_chavez_crop2.jpg,[Politics],[Google]
879,Shia LaBeouf,,,[Acting],[]
880,Matt Le Blanc,177,https://upload.wikimedia.org/wikipedia/commons/thumb/7/79/Matt_LeBlanc_2010.jpg/250px-Matt_LeBlanc_2010.jpg,[Acting],[Celeb Heights]
881,Art Garfunkel,,,[Music],[]
882,Tom Hardy,,,[Acting],[]
883,Rick James,181,https://upload.wikimedia.org/wikipedia/commons/4/4b/Rick_James_in_Lifestyles_of_the_Rich_1984.JPG,[Music],[IMDb]
884,T.J. Miller,,,[Acting],[]
885,Kumail Nanjiani,,,[Acting],[]
888,Ben E. King,,,[Music],[]
889,Macklemore,,,[Music],[]
891,Mel Blanc,173,https://upload.wikimedia.org/wikipedia/commons/thumb/5/5d/Mel_Blanc_-_1959.jpg/250px-Mel_Blanc_-_1959.jpg,[Acting],[IMDb]
892,Jason Bateman,,,[Acting],[]
893,Rhett McLaughlin,,,[Influencers],[]
895,Josh Brolin,,,[Acting],[]
896,Anthony Mackie,,,[Acting],[]
897,Sam Raimi,,,[Filmmakers],[]
898,Benedict Wong,179,https://upload.wikimedia.org/wikipedia/commons/thumb/f/fa/Benedict_Wong_by_Gage_Skidmore.jpg/207px-Benedict_Wong_by_Gage_Skidmore.jpg,[Acting],[Celeb Heights]
899,David Lynch,,,[Acting],[]
901,Audrey Hepburn,,,[Acting],[]
902,Pierce Brosnan,,,[Acting],[]
903,Janelle Monae,,,"[Acting,Music]",[]
904,Ho Chi Minh,165,https://upload.wikimedia.org/wikipedia/commons/1/1c/Ho_Chi_Minh_1946.jpg,[Historical],[IMDb]
905,Mustafa Kemal Atatürk,174,https://upload.wikimedia.org/wikipedia/commons/thumb/1/1e/Kemal_Atat%C3%BCrk_portrait.jpg/250px-Kemal_Atat%C3%BCrk_portrait.jpg,[Historical],[IMDb]
906,Emperor Meiji,163,https://upload.wikimedia.org/wikipedia/commons/thumb/7/73/Meiji_Emperor.jpg/250px-Meiji_Emperor.jpg,[Historical],[Google]
907,Juice WRLD,170,https://upload.wikimedia.org/wikipedia/commons/thumb/3/33/Juice_WRLD_-_Les_Ardentes_2019_%28cropped_2%29.jpg/250px-Juice_WRLD_-_Les_Ardentes_2019_%28cropped_2%29.jpg,[Music],[IMDb]
908,Rich Brian,173,https://upload.wikimedia.org/wikipedia/commons/2/21/Rich_Brian_with_the_President_of_Indonesia_%28cropped%29.jpg,[Music],[IMDb]
909,Laufey,169,https://upload.wikimedia.org/wikipedia/commons/thumb/0/06/Laufey_ReithHumphreys1.jpg/250px-Laufey_ReithHumphreys1.jpg,[Music],[Google]
910,CaptainSparklez,170,https://upload.wikimedia.org/wikipedia/commons/thumb/1/16/CaptainSparklez_Minecon_2016_1.jpg/250px-CaptainSparklez_Minecon_2016_1.jpg,[Influencers],[IMDb]
911,Lilly Singh,,,[Influencers],[]
912,XXXTentacion,,,[Music],[]
913,Fetty Wap,,,[Music],[]
914,Ken Watanabe,,,[Acting],[]
915,George Michael,,,[Music],[]
916,Lil Uzi Vert,,,[Music],[]
917,Ice T,,,[Acting],[]
918,Tekashi 6ix9ine,,,[Music],[]
919,Miles Teller,,,[Acting],[]
920,TommyInnit,,,[Influencers],[]
921,Verne Troyer,,,[Acting],[]
922,Chris Tucker,,,[Acting],[]
923,Harry Shum Jr,,,[Acting],[]
924,J.K. Simmons,,,[Acting],[]
925,Zayn Malik,,,[Music],[]
926,John C Reilly,,,[Acting],[]
927,Kathryn Hahn,,,[Acting],[]
928,Linus Sebastian,,,[Influencers],[]
929,Silentó,168,https://upload.wikimedia.org/wikipedia/commons/thumb/4/48/Sinento_%282018%29.png/2000px-Sinento_%282018%29.png,[Music],[Google]
930,David Guetta,,,[Music],[]
931,Steve Harwell,182,https://live-production.wcms.abc-cdn.net.au/008e89cb7c2156700fd4aba410a10e55?impolicy=wcms_crop_resize&cropH=619&cropW=619&xPos=292&yPos=0&width=862&height=862,[Music],[IMDb]
933,Brian Johnson,,,[Music],[]
934,Carly Rae Jepsen,,,[Music],[]
935,Mick Jagger,,,[Music],[]
937,Cyndi Lauper,,,[Music],[]
938,Haddaway,181,https://upload.wikimedia.org/wikipedia/commons/thumb/8/88/ColognePride_2019-Sonntag-Hauptb%C3%BChne-2038-Haddaway_und_Dinah_Nah--9127.jpg/250px-ColognePride_2019-Sonntag-Hauptb%C3%BChne-2038-Haddaway_und_Dinah_Nah--9127.jpg,[Music],[IMDb]
939,Ray Parker Jr.,185,https://m.media-amazon.com/images/M/MV5BZDhkYWYyM2UtYjQ5My00NzQ2LWEwYTgtMDNmODE3MDVhNzAyXkEyXkFqcGc@._V1_.jpg,[Music],[IMDb]
940,Avicii,,,[Music],[]
942,Calvin Harris,,,[Music],[]
943,Birdy,,,[Music],[]
944,Ellie Goulding,,,[Music],[]
945,Jessie J,,,[Music],[]
946,Slash,,,[Music],[]
947,Coolio,,,[Music],[]
948,Paul McCartney,,,[Music],[]
949,George Harrison,178,https://upload.wikimedia.org/wikipedia/commons/4/4e/George_Harrison_1974_colorized.jpg,[Music],[Celeb Heights]
950,Fergie,,,[Music],[]
951,Rob Schneider,,,[Acting],[]
952,APL.DE.AP,168,https://upload.wikimedia.org/wikipedia/commons/thumb/1/11/Apl.de.ap_2011.jpg/250px-Apl.de.ap_2011.jpg,[Music],[IMDb]
953,Owl City,188,https://upload.wikimedia.org/wikipedia/commons/thumb/6/65/Owlcity.png/330px-Owlcity.png,[Music],[IMDb]
954,Doechii,157,,[Music],[IMDb]
955,Denzel Curry,175,https://upload.wikimedia.org/wikipedia/commons/thumb/5/5c/DENZEL_CURRY_%C2%A8WALKIN%C2%B4Behind_the_scenes_Still_%28cropped%29.png/250px-DENZEL_CURRY_%C2%A8WALKIN%C2%B4Behind_the_scenes_Still_%28cropped%29.png,[Music],[Google]
956,Kenny Loggins,,,[Music],[]
957,Yung Gravy,,,[Music],[]
958,Kodak Black,,,[Acting],[]
959,Camila Cabello,,,[Music],[]
962,Gnarls Barkley,168,https://www.celebheights.com/tr/c/ceelo.jpg,[Music],[Celeb Heights]
963,Future,,,[Music],[]
965,Joey Chestnut,185,https://upload.wikimedia.org/wikipedia/commons/thumb/5/52/Joey_Chestnut_at_the_2012_National_Buffalo_Wing_Festival%2C_Buffalo%2C_New_York.jpg/330px-Joey_Chestnut_at_the_2012_National_Buffalo_Wing_Festival%2C_Buffalo%2C_New_York.jpg,[Sports],[Google]
966,Robert Wadlow,272,https://upload.wikimedia.org/wikipedia/commons/2/24/Robert_Wadlow_postcard_%28cropped%29.jpg,[Other],[Wikipedia]
967,Sultan Kosen,,,[Other],[]
968,Brahim Takioullah,,,[Other],[]
969,Mark Eaton,,,[Sports],[]
970,Big Show,,,[Sports],[]
971,Sandy Allen,,,[Other],[]
972,Hugo Weaving,,,[Acting],[]
973,Christopher Lee,,,[Acting],[]
974,Michael Strahan,,,[Sports],[]
975,Ralph Macchio,175,https://upload.wikimedia.org/wikipedia/commons/thumb/8/8c/Ralph_Macchio_%2837595688456%29.jpg/250px-Ralph_Macchio_%2837595688456%29.jpg,[Acting],[Celeb Heights]
976,Afrojack,,,[Music],[]
977,David Harbour,,,[Acting],[]
978,Henry Golding,,,[Acting],[]
979,Kareem Abdul Jabbar,,,[Sports],[]
981,Guillermo del Toro,,,[Filmmakers],[]
982,Big Shaq,,,[Music],[]
983,Christina Perri,,,[Music],[]
984,Kelly Clarkson,,,[Music],[]
985,Becky G,,,[Music],[]
986,Evel Knievel,183,https://upload.wikimedia.org/wikipedia/commons/thumb/5/5e/At_Home_With_Evel_Knievel.jpg/250px-At_Home_With_Evel_Knievel.jpg,[Sports],[IMDb]
987,Joe Exotic,,,[Acting],[]
988,Hozier,,,[Music],[]
989,Gene Simmons,,,[Music],[]
990,Cillian Murphy,,,[Acting],[]
991,Gerald Ford,,,[Presidents],[]
992,Rey Mysterio,157,https://upload.wikimedia.org/wikipedia/commons/thumb/8/8b/Rey_Mysterio_%2842105461220%29.jpg/250px-Rey_Mysterio_%2842105461220%29.jpg,[Sports],[Celeb Heights]
994,Michael Stevens,,,[Influencers],[]
995,Marshmello,180,https://upload.wikimedia.org/wikipedia/commons/thumb/f/f0/Marshmello_%40_VELD_2016.jpg/330px-Marshmello_%40_VELD_2016.jpg,[Music],[IMDb]
996,Michio Kaku,168,https://upload.wikimedia.org/wikipedia/commons/thumb/6/60/Michio_Kaku_Presentation-cropped.jpg/232px-Michio_Kaku_Presentation-cropped.jpg,[Scientists],[IMDb]
997,Anthony Fantano,185,https://upload.wikimedia.org/wikipedia/commons/thumb/7/79/AnthonyFantano2016.png/250px-AnthonyFantano2016.png,[Influencers],[IMDb]
998,Kevin Feige,182,https://upload.wikimedia.org/wikipedia/commons/thumb/1/1a/Kevin_Feige_by_Gage_Skidmore.jpg/250px-Kevin_Feige_by_Gage_Skidmore.jpg,[Filmmakers],[IMDb]
999,JID,168,https://upload.wikimedia.org/wikipedia/commons/thumb/2/2b/JID_%2838530984485%29_%28cropped%29.png/250px-JID_%2838530984485%29_%28cropped%29.png,[Music],[Google]
1000,Kid Cudi,,,[Music],[]
1001,Asap Rocky,,,[Music],[]
1002,Warwick Davis,107,https://upload.wikimedia.org/wikipedia/commons/thumb/e/eb/Warwick_Davis_%2853303316513%29.jpg/250px-Warwick_Davis_%2853303316513%29.jpg,[Acting],[Celeb Heights]
1003,Nicolás Maduro,190,https://upload.wikimedia.org/wikipedia/commons/c/c4/Nicol%C3%A1s_Maduro_2019_Inauguraci%C3%B3n_%28cropped%29.jpg,[Politics],[IMDb]
1004,Matthew Perry,,,[Acting],[]
1005,Rob Riggle,,,[Acting],[]
1006,Brian Tyree Henry,,,[Acting],[]
1007,bbno$,175,https://upload.wikimedia.org/wikipedia/commons/thumb/7/7f/Bbno%24_Twitchcon_2024.jpg/250px-Bbno%24_Twitchcon_2024.jpg,[Music],[Google]
1008,Pope Leo XIV,170,https://upload.wikimedia.org/wikipedia/commons/thumb/8/8a/Cardinal_Robert_F._Prevost_at_the_Consistory_on_30_September_2023_%28cropped%29.jpg/250px-Cardinal_Robert_F._Prevost_at_the_Consistory_on_30_September_2023_%28cropped%29.jpg,[Politics],[IMDb]
1009,Jason Statham,175,https://upload.wikimedia.org/wikipedia/commons/thumb/d/d3/Jason_Statham_2018.jpg/250px-Jason_Statham_2018.jpg,[Acting],[Celeb Heights]
1010,Jared Leto,175,https://upload.wikimedia.org/wikipedia/commons/thumb/2/24/Jared_Leto_by_Gage_Skidmore.jpg/250px-Jared_Leto_by_Gage_Skidmore.jpg,"[Acting,Music]",[Celeb Heights]
1011,Joe Keery,,,[Acting],[]
1012,Victor Hugo,178,https://upload.wikimedia.org/wikipedia/commons/thumb/b/b6/Victor_Hugo_by_Edmond_Bacot_1862.jpg/250px-Victor_Hugo_by_Edmond_Bacot_1862.jpg,"[Historical,Writers]",[IMDb]
1013,Francisco Franco,163,https://upload.wikimedia.org/wikipedia/commons/thumb/c/cf/RETRATO_DEL_GRAL._FRANCISCO_FRANCO_BAHAMONDE_%28adjusted_levels%29.jpg/250px-RETRATO_DEL_GRAL._FRANCISCO_FRANCO_BAHAMONDE_%28adjusted_levels%29.jpg,[Historical],[IMDb]
1014,John Green,185,https://upload.wikimedia.org/wikipedia/commons/thumb/b/b9/John_Green_2020_%28C6txQ5yn5S8%29.jpg/250px-John_Green_2020_%28C6txQ5yn5S8%29.jpg,[Influencers],[IMDb]
1016,Pablo Escobar,167,https://upload.wikimedia.org/wikipedia/commons/thumb/b/b6/Pablo_Escobar_Mug_%28cropped%29.jpg/250px-Pablo_Escobar_Mug_%28cropped%29.jpg,[Historical],[IMDb]
